Order ID,Amount,Profit,Quantity,Category,Sub-Category,PaymentMode,Profit_Margin
B-25681,1096,658,7,Electronics,Electronic Games,COD,60.03649635036496
B-26055,5729,64,14,Furniture,Chairs,EMI,1.117123407226392
B-25955,2927,146,8,Furniture,Bookcases,EMI,4.988042364195422
B-26093,2847,712,8,Electronics,Printers,CREDIT CARD,25.008781173164735
B-25602,2617,1151,4,Electronics,Phones,CREDIT CARD,43.98165838746657
B-25881,2244,247,4,Clothing,Trousers,CREDIT CARD,11.007130124777184
B-25696,275,-275,4,Clothing,Saree,COD,-100.0
B-25687,387,-213,5,Clothing,Saree,UPI,-55.03875968992248
B-25643,50,-44,2,Clothing,Hankerchief,UPI,-88.0
B-25851,135,-54,5,Clothing,Kurti,COD,-40.0
B-25703,231,-190,9,Clothing,Hankerchief,COD,-82.25108225108225
B-25887,2125,-234,6,Electronics,Printers,EMI,-11.011764705882353
B-25923,3873,-891,6,Electronics,Phones,CREDIT CARD,-23.00542215336948
B-25756,729,-492,5,Furniture,Bookcases,UPI,-67.48971193415639
B-25761,2188,1050,5,Furniture,Bookcases,CREDIT CARD,47.98903107861061
B-25655,6,-3,1,Clothing,Hankerchief,UPI,-50.0
B-25786,1854,433,5,Furniture,Bookcases,CREDIT CARD,23.354908306364617
B-26095,6,1,1,Clothing,Kurti,UPI,16.666666666666664
B-25853,2093,721,5,Furniture,Chairs,CREDIT CARD,34.448160535117054
B-25735,7,-1,2,Clothing,Skirt,UPI,-14.285714285714285
B-25910,1622,-624,5,Furniture,Tables,CREDIT CARD,-38.47102342786683
B-25950,1622,95,5,Electronics,Printers,CREDIT CARD,5.856966707768187
B-25744,373,254,6,Electronics,Printers,UPI,68.09651474530831
B-25845,82,-33,4,Clothing,Kurti,COD,-40.243902439024396
B-26001,8,2,2,Clothing,Skirt,UPI,25.0
B-25830,1954,782,3,Electronics,Phones,CREDIT CARD,40.02047082906858
B-25842,1543,370,8,Electronics,Printers,CREDIT CARD,23.979261179520414
B-25778,1506,-266,6,Electronics,Printers,CREDIT CARD,-17.66268260292165
B-25686,1829,-56,6,Furniture,Tables,CREDIT CARD,-3.06178239475123
B-25754,9,-1,3,Clothing,Skirt,UPI,-11.11111111111111
B-26048,1461,202,5,Furniture,Tables,EMI,13.826146475017111
B-25816,391,113,8,Clothing,Stole,COD,28.9002557544757
B-26022,1824,1303,8,Electronics,Phones,CREDIT CARD,71.43640350877193
B-25883,16,-15,4,Clothing,Hankerchief,UPI,-93.75
B-26003,1745,122,2,Furniture,Tables,CREDIT CARD,6.991404011461317
B-26097,663,-212,5,Electronics,Printers,UPI,-31.975867269984914
B-25710,10,-1,1,Clothing,Leggings,UPI,-10.0
B-25797,1630,802,5,Furniture,Tables,EMI,49.20245398773006
B-25618,12,0,2,Clothing,Hankerchief,UPI,0.0
B-25723,12,-7,2,Clothing,Leggings,UPI,-58.333333333333336
B-25755,1709,564,3,Clothing,Trousers,CREDIT CARD,33.001755412521945
B-25788,12,3,1,Clothing,Stole,UPI,25.0
B-25681,1625,-77,3,Electronics,Phones,EMI,-4.7384615384615385
B-25991,13,5,2,Clothing,Hankerchief,UPI,38.46153846153847
B-25779,1361,980,3,Furniture,Tables,COD,72.00587803085966
B-25909,1622,-448,3,Electronics,Phones,EMI,-27.62022194821208
B-25943,1547,340,6,Electronics,Accessories,EMI,21.978021978021978
B-25935,1657,460,4,Furniture,Chairs,CREDIT CARD,27.76101388050694
B-25613,1603,0,9,Clothing,Saree,CREDIT CARD,0.0
B-25729,1549,-439,4,Electronics,Phones,CREDIT CARD,-28.340865074241446
B-25772,1183,106,4,Electronics,Printers,EMI,8.960270498732037
B-25655,74,-123,8,Clothing,Skirt,UPI,-166.2162162162162
B-25640,1499,239,13,Clothing,Saree,CREDIT CARD,15.943962641761175
B-25810,1120,199,6,Clothing,Saree,EMI,17.767857142857142
B-25801,15,-2,1,Clothing,T-Shirt,DEBIT CARD,-13.333333333333334
B-26085,1487,624,3,Clothing,Trousers,CREDIT CARD,41.96368527236046
B-25868,1118,206,2,Furniture,Tables,CREDIT CARD,18.425760286225405
B-25714,11,-5,2,Clothing,Hankerchief,COD,-45.45454545454545
B-25784,15,4,1,Clothing,Hankerchief,DEBIT CARD,26.666666666666668
B-25608,1364,1864,5,Furniture,Tables,CREDIT CARD,136.65689149560117
B-26051,1337,147,7,Electronics,Printers,CREDIT CARD,10.99476439790576
B-25900,15,2,1,Clothing,Leggings,DEBIT CARD,13.333333333333334
B-25760,322,-193,5,Electronics,Printers,UPI,-59.93788819875776
B-25762,1316,527,7,Electronics,Electronic Games,CREDIT CARD,40.045592705167174
B-25995,1314,342,3,Furniture,Bookcases,CREDIT CARD,26.027397260273972
B-25965,17,7,3,Clothing,Hankerchief,DEBIT CARD,41.17647058823529
B-25967,17,2,2,Clothing,Skirt,DEBIT CARD,11.76470588235294
B-25674,17,-12,5,Clothing,Skirt,DEBIT CARD,-70.58823529411765
B-25929,1308,536,3,Furniture,Bookcases,CREDIT CARD,40.97859327217125
B-25777,1076,-38,4,Electronics,Printers,CREDIT CARD,-3.5315985130111525
B-26006,1301,573,5,Electronics,Accessories,CREDIT CARD,44.04304381245196
B-25697,1300,-16,8,Electronics,Printers,CREDIT CARD,-1.2307692307692308
B-25667,11,-2,4,Clothing,Hankerchief,COD,-18.181818181818183
B-25836,1298,65,9,Electronics,Printers,EMI,5.007704160246533
B-25984,304,97,6,Clothing,Stole,UPI,31.907894736842106
B-25728,1055,264,4,Electronics,Printers,EMI,25.023696682464454
B-25757,17,-13,4,Clothing,Skirt,DEBIT CARD,-76.47058823529412
B-25957,147,73,3,Clothing,Stole,COD,49.65986394557823
B-26061,965,-68,3,Electronics,Printers,COD,-7.046632124352331
B-25735,12,-2,3,Clothing,Hankerchief,COD,-16.666666666666664
B-25616,14,-2,3,Clothing,Hankerchief,UPI,-14.285714285714285
B-25666,934,-916,7,Electronics,Electronic Games,COD,-98.07280513918629
B-25675,929,-93,9,Clothing,Saree,COD,-10.010764262648008
B-26079,18,3,2,Clothing,Hankerchief,DEBIT CARD,16.666666666666664
B-25850,916,192,11,Electronics,Phones,COD,20.96069868995633
B-25693,76,-72,9,Clothing,Hankerchief,COD,-94.73684210526315
B-25852,869,67,4,Furniture,Tables,COD,7.710011507479862
B-25860,112,24,3,Clothing,Kurti,COD,21.428571428571427
B-25853,39,16,6,Clothing,Skirt,UPI,41.02564102564102
B-25898,857,-274,2,Furniture,Tables,COD,-31.971995332555426
B-26100,828,230,2,Furniture,Chairs,COD,27.77777777777778
B-25653,1279,-640,8,Electronics,Printers,EMI,-50.03909304143862
B-25839,1250,486,7,Clothing,Saree,EMI,38.879999999999995
B-25651,823,-18,7,Furniture,Chairs,COD,-2.187120291616039
B-25957,1157,-13,9,Furniture,Bookcases,CREDIT CARD,-1.1235955056179776
B-25704,126,-63,3,Electronics,Accessories,UPI,-50.0
B-25730,1145,-706,3,Electronics,Phones,CREDIT CARD,-61.65938864628821
B-26052,774,170,3,Electronics,Accessories,COD,21.963824289405682
B-25656,24,-1,2,Clothing,Hankerchief,COD,-4.166666666666666
B-26033,774,170,3,Electronics,Accessories,COD,21.963824289405682
B-25850,93,-1,2,Clothing,Hankerchief,COD,-1.0752688172043012
B-25945,765,-36,3,Electronics,Electronic Games,COD,-4.705882352941177
B-26086,762,101,6,Electronics,Printers,COD,13.254593175853019
B-25752,761,266,9,Electronics,Electronic Games,COD,34.95400788436268
B-26098,96,-48,5,Clothing,Leggings,UPI,-50.0
B-26067,1137,-14,7,Electronics,Printers,EMI,-1.2313104661389622
B-25730,18,8,2,Clothing,Hankerchief,DEBIT CARD,44.44444444444444
B-25986,749,-307,7,Furniture,Furnishings,COD,-40.987983978638184
B-26067,1120,199,6,Clothing,Saree,EMI,17.767857142857142
B-25953,744,119,6,Electronics,Printers,COD,15.994623655913978
B-25952,14,0,4,Clothing,Hankerchief,UPI,0.0
B-25903,19,8,2,Clothing,Hankerchief,DEBIT CARD,42.10526315789473
B-25650,512,-225,5,Clothing,Saree,COD,-43.9453125
B-25970,742,198,2,Furniture,Bookcases,COD,26.68463611859838
B-26062,44,-40,3,Clothing,Stole,COD,-90.9090909090909
B-25643,1061,-36,8,Furniture,Bookcases,EMI,-3.3930254476908575
B-25632,19,-2,2,Clothing,Leggings,DEBIT CARD,-10.526315789473683
B-25821,17,0,1,Clothing,Hankerchief,COD,0.0
B-25878,741,267,5,Furniture,Bookcases,COD,36.032388663967616
B-25752,735,-235,6,Electronics,Printers,COD,-31.97278911564626
B-25750,19,-1,1,Clothing,Shirt,DEBIT CARD,-5.263157894736842
B-25657,1021,-48,4,Electronics,Electronic Games,EMI,-4.701273261508325
B-25787,556,-209,7,Clothing,Saree,COD,-37.589928057553955
B-25808,63,-17,6,Clothing,Leggings,COD,-26.984126984126984
B-25885,734,248,2,Furniture,Chairs,COD,33.787465940054496
B-25778,933,166,5,Clothing,Saree,CREDIT CARD,17.792068595927116
B-25759,20,-9,6,Clothing,Hankerchief,DEBIT CARD,-45.0
B-25747,877,395,2,Furniture,Bookcases,CREDIT CARD,45.03990877993159
B-25878,719,303,6,Furniture,Chairs,COD,42.14186369958276
B-25603,12,1,2,Clothing,Hankerchief,COD,8.333333333333332
B-25691,714,56,4,Clothing,Saree,COD,7.8431372549019605
B-25607,50,-15,4,Clothing,Leggings,COD,-30.0
B-25708,709,-100,5,Electronics,Phones,COD,-14.104372355430183
B-26021,21,-12,3,Clothing,Hankerchief,DEBIT CARD,-57.14285714285714
B-25831,693,254,6,Clothing,Saree,COD,36.65223665223665
B-25850,24,1,4,Clothing,Hankerchief,COD,4.166666666666666
B-25670,24,1,2,Clothing,Hankerchief,UPI,4.166666666666666
B-25852,24,1,2,Clothing,Hankerchief,COD,4.166666666666666
B-26029,21,10,1,Clothing,T-Shirt,DEBIT CARD,47.61904761904761
B-25959,681,259,4,Furniture,Chairs,COD,38.032305433186494
B-25676,674,-187,2,Furniture,Tables,COD,-27.74480712166172
B-26097,671,-309,5,Electronics,Electronic Games,COD,-46.050670640834575
B-25888,646,-213,3,Electronics,Electronic Games,COD,-32.972136222910216
B-25911,40,15,1,Clothing,Kurti,COD,37.5
B-25662,24,-2,2,Clothing,T-Shirt,COD,-8.333333333333332
B-25950,644,167,2,Electronics,Printers,COD,25.931677018633543
B-25847,643,225,2,Electronics,Printers,COD,34.99222395023328
B-25796,632,-316,6,Clothing,Saree,COD,-50.0
B-25693,632,316,6,Clothing,Saree,COD,50.0
B-25993,610,208,3,Electronics,Printers,COD,34.0983606557377
B-26052,78,-28,6,Clothing,Kurti,UPI,-35.8974358974359
B-25930,595,119,4,Furniture,Bookcases,COD,20.0
B-25785,595,292,3,Clothing,Saree,COD,49.07563025210084
B-26093,852,51,5,Furniture,Bookcases,CREDIT CARD,5.985915492957746
B-26053,594,89,3,Furniture,Bookcases,COD,14.983164983164984
B-26019,585,175,13,Clothing,T-Shirt,COD,29.914529914529915
B-26070,582,262,5,Furniture,Furnishings,COD,45.017182130584196
B-25870,845,84,7,Clothing,Saree,CREDIT CARD,9.940828402366863
B-25855,829,19,4,Electronics,Printers,CREDIT CARD,2.2919179734620023
B-25602,561,212,3,Clothing,Saree,COD,37.78966131907308
B-25728,771,-424,2,Electronics,Phones,CREDIT CARD,-54.99351491569391
B-25803,765,8,6,Clothing,Saree,EMI,1.045751633986928
B-25996,31,2,2,Clothing,Hankerchief,COD,6.451612903225806
B-26078,557,-111,2,Electronics,Electronic Games,COD,-19.92818671454219
B-25803,757,371,2,Electronics,Printers,CREDIT CARD,49.00924702774108
B-25682,545,-73,11,Electronics,Phones,COD,-13.394495412844037
B-25749,1052,-82,3,Furniture,Bookcases,UPI,-7.79467680608365
B-25962,544,-152,3,Furniture,Bookcases,COD,-27.941176470588236
B-25899,22,9,2,Clothing,Leggings,DEBIT CARD,40.909090909090914
B-25845,757,371,2,Electronics,Printers,CREDIT CARD,49.00924702774108
B-25951,742,198,2,Furniture,Bookcases,CREDIT CARD,26.68463611859838
B-25828,537,107,3,Clothing,Saree,COD,19.925512104283055
B-25803,536,91,1,Clothing,Trousers,COD,16.977611940298505
B-25656,6,3,1,Clothing,Hankerchief,COD,50.0
B-25681,523,204,7,Clothing,Trousers,COD,39.0057361376673
B-25658,27,9,2,Clothing,T-Shirt,UPI,33.33333333333333
B-25698,516,392,8,Furniture,Chairs,COD,75.96899224806202
B-25832,504,116,3,Furniture,Bookcases,COD,23.015873015873016
B-25886,502,84,4,Electronics,Phones,COD,16.733067729083665
B-25897,734,213,6,Electronics,Electronic Games,CREDIT CARD,29.01907356948229
B-25873,42,12,2,Clothing,Kurti,COD,28.57142857142857
B-25858,29,11,4,Clothing,Skirt,COD,37.93103448275862
B-25867,240,12,6,Clothing,Kurti,UPI,5.0
B-25633,496,-79,2,Clothing,Trousers,COD,-15.92741935483871
B-25609,485,29,4,Electronics,Electronic Games,COD,5.979381443298969
B-25896,31,-11,3,Clothing,Skirt,UPI,-35.483870967741936
B-26000,676,151,3,Electronics,Printers,CREDIT CARD,22.337278106508876
B-25959,23,8,2,Clothing,Hankerchief,DEBIT CARD,34.78260869565217
B-25940,13,3,2,Clothing,Hankerchief,COD,23.076923076923077
B-26087,180,0,8,Clothing,Stole,COD,0.0
B-26055,671,114,9,Electronics,Phones,CREDIT CARD,16.98956780923994
B-25980,22,11,3,Clothing,Kurti,COD,50.0
B-25653,668,-31,3,Electronics,Printers,CREDIT CARD,-4.640718562874251
B-26052,145,0,3,Clothing,Saree,UPI,0.0
B-25877,24,8,2,Clothing,Skirt,DEBIT CARD,33.33333333333333
B-25608,476,0,3,Furniture,Chairs,COD,0.0
B-25897,24,11,5,Clothing,Hankerchief,DEBIT CARD,45.83333333333333
B-25881,37,3,3,Clothing,Hankerchief,COD,8.108108108108109
B-25905,152,50,6,Clothing,Stole,UPI,32.89473684210527
B-25818,32,11,2,Clothing,Leggings,UPI,34.375
B-25835,52,11,5,Clothing,Leggings,COD,21.153846153846153
B-26081,24,11,3,Clothing,Hankerchief,DEBIT CARD,45.83333333333333
B-25730,473,42,4,Furniture,Chairs,COD,8.879492600422834
B-25837,263,50,5,Clothing,Stole,COD,19.011406844106464
B-25893,61,11,3,Clothing,Kurti,COD,18.0327868852459
B-25689,469,-459,3,Electronics,Electronic Games,COD,-97.86780383795309
B-26028,1272,547,2,Electronics,Phones,COD,43.00314465408805
B-26081,169,0,3,Electronics,Accessories,COD,0.0
B-25903,25,11,3,Clothing,Leggings,DEBIT CARD,44.0
B-25651,457,-41,4,Clothing,Saree,COD,-8.971553610503284
B-25903,455,77,8,Electronics,Accessories,COD,16.923076923076923
B-26086,25,2,2,Clothing,Hankerchief,DEBIT CARD,8.0
B-25654,450,-90,3,Electronics,Printers,COD,-20.0
B-25720,30,-35,1,Furniture,Chairs,COD,-116.66666666666667
B-26057,659,-37,2,Furniture,Bookcases,CREDIT CARD,-5.614567526555387
B-25798,448,148,2,Electronics,Printers,COD,33.035714285714285
B-25961,446,53,3,Electronics,Printers,COD,11.883408071748878
B-25701,98,-45,2,Furniture,Chairs,UPI,-45.91836734693878
B-26055,443,11,1,Clothing,Saree,COD,2.4830699774266365
B-25653,427,-50,7,Electronics,Phones,COD,-11.7096018735363
B-25670,656,-36,2,Furniture,Bookcases,CREDIT CARD,-5.487804878048781
B-26056,424,161,2,Clothing,Saree,COD,37.971698113207545
B-26061,27,8,2,Clothing,T-Shirt,DEBIT CARD,29.629629629629626
B-25602,424,-272,5,Electronics,Phones,COD,-64.15094339622641
B-26016,202,4,4,Clothing,Hankerchief,COD,1.9801980198019802
B-25873,1275,357,2,Electronics,Phones,UPI,28.000000000000004
B-25761,418,70,7,Electronics,Phones,COD,16.74641148325359
B-25819,417,49,3,Electronics,Electronic Games,COD,11.750599520383693
B-25853,199,48,4,Clothing,Stole,UPI,24.120603015075375
B-25662,385,-77,11,Furniture,Furnishings,UPI,-20.0
B-25993,414,199,3,Electronics,Phones,COD,48.06763285024155
B-25703,97,-45,4,Clothing,Saree,COD,-46.391752577319586
B-25848,648,50,6,Electronics,Electronic Games,CREDIT CARD,7.716049382716049
B-25678,27,-25,2,Clothing,Shirt,DEBIT CARD,-92.5925925925926
B-25925,27,12,1,Clothing,Stole,DEBIT CARD,44.44444444444444
B-25977,27,1,1,Clothing,Stole,UPI,3.7037037037037033
B-25797,413,-314,9,Furniture,Chairs,COD,-76.02905569007264
B-26067,53,2,4,Clothing,Hankerchief,COD,3.7735849056603774
B-25810,29,8,5,Clothing,Hankerchief,UPI,27.586206896551722
B-25648,30,13,1,Clothing,T-Shirt,UPI,43.333333333333336
B-25933,412,412,6,Clothing,Saree,COD,100.0
B-25942,646,-23,2,Electronics,Printers,CREDIT CARD,-3.560371517027864
B-25656,30,-5,5,Clothing,Stole,UPI,-16.666666666666664
B-26067,618,27,4,Furniture,Bookcases,CREDIT CARD,4.368932038834951
B-25673,143,-124,5,Clothing,Saree,UPI,-86.7132867132867
B-25797,31,1,2,Clothing,Hankerchief,UPI,3.225806451612903
B-26098,409,86,3,Clothing,Saree,COD,21.026894865525673
B-25656,406,126,2,Clothing,Saree,COD,31.03448275862069
B-25791,565,66,7,Clothing,Saree,CREDIT CARD,11.68141592920354
B-26053,85,2,6,Clothing,Stole,COD,2.3529411764705883
B-25983,561,118,5,Furniture,Bookcases,CREDIT CARD,21.03386809269162
B-25743,503,-56,2,Clothing,Trousers,COD,-11.133200795228628
B-25867,31,14,3,Clothing,Stole,UPI,45.16129032258064
B-25973,398,111,8,Clothing,Hankerchief,COD,27.889447236180903
B-25895,388,93,2,Furniture,Bookcases,COD,23.969072164948454
B-26003,498,-116,4,Clothing,Saree,UPI,-23.293172690763054
B-25717,561,212,3,Clothing,Saree,CREDIT CARD,37.78966131907308
B-26064,61,3,4,Clothing,Hankerchief,COD,4.918032786885246
B-25630,34,-22,4,Clothing,T-Shirt,COD,-64.70588235294117
B-26050,32,6,3,Clothing,Shirt,UPI,18.75
B-25786,623,-192,3,Furniture,Tables,UPI,-30.818619582664525
B-26035,520,151,3,Electronics,Phones,CREDIT CARD,29.03846153846154
B-25693,32,-16,6,Clothing,Saree,UPI,-50.0
B-25703,32,-5,5,Clothing,Hankerchief,UPI,-15.625
B-25966,510,234,6,Electronics,Electronic Games,EMI,45.88235294117647
B-26060,382,68,3,Clothing,Saree,COD,17.801047120418847
B-25898,33,13,3,Clothing,Leggings,UPI,39.39393939393939
B-25686,381,-13,2,Clothing,Saree,COD,-3.4120734908136483
B-26051,490,88,2,Electronics,Accessories,EMI,17.959183673469386
B-25854,381,144,2,Clothing,Saree,COD,37.79527559055118
B-26050,487,143,4,Electronics,Phones,EMI,29.36344969199179
B-25961,366,84,3,Furniture,Bookcases,COD,22.950819672131146
B-25701,33,-29,3,Clothing,Shirt,UPI,-87.87878787878788
B-25970,365,107,3,Electronics,Phones,COD,29.315068493150687
B-25933,207,-100,2,Clothing,Saree,UPI,-48.309178743961354
B-26081,359,-338,5,Furniture,Bookcases,COD,-94.15041782729804
B-25650,351,-47,8,Electronics,Phones,COD,-13.390313390313391
B-25850,485,199,4,Clothing,Saree,EMI,41.03092783505154
B-25643,37,-23,4,Clothing,Shirt,UPI,-62.16216216216216
B-26100,34,10,2,Clothing,T-Shirt,DEBIT CARD,29.411764705882355
B-25964,346,108,3,Furniture,Chairs,COD,31.213872832369944
B-25676,342,-103,4,Electronics,Electronic Games,COD,-30.116959064327485
B-25628,35,-8,2,Furniture,Furnishings,DEBIT CARD,-22.857142857142858
B-25891,121,41,4,Clothing,Stole,UPI,33.88429752066116
B-25903,336,57,2,Electronics,Phones,COD,16.964285714285715
B-25851,336,71,3,Furniture,Bookcases,COD,21.13095238095238
B-26089,27,4,1,Clothing,Hankerchief,COD,14.814814814814813
B-25996,333,50,2,Electronics,Phones,COD,15.015015015015015
B-25881,36,7,3,Clothing,Leggings,DEBIT CARD,19.444444444444446
B-25621,333,-15,3,Electronics,Phones,COD,-4.504504504504505
B-25727,327,114,4,Clothing,Trousers,COD,34.862385321100916
B-25843,18,6,3,Clothing,Hankerchief,UPI,33.33333333333333
B-26050,325,32,7,Clothing,T-Shirt,COD,9.846153846153847
B-25741,482,-6,7,Electronics,Electronic Games,EMI,-1.2448132780082988
B-25756,465,-33,4,Electronics,Phones,EMI,-7.096774193548387
B-25787,40,-12,3,Clothing,Shirt,COD,-30.0
B-25603,107,36,6,Clothing,Stole,COD,33.64485981308411
B-25655,312,-312,7,Furniture,Chairs,COD,-100.0
B-26096,451,25,3,Electronics,Phones,EMI,5.543237250554324
B-25962,312,62,1,Electronics,Electronic Games,COD,19.871794871794872
B-26007,311,72,2,Furniture,Bookcases,COD,23.15112540192926
B-26088,11,5,2,Clothing,Hankerchief,UPI,45.45454545454545
B-25673,37,-5,3,Clothing,T-Shirt,DEBIT CARD,-13.513513513513514
B-25664,444,-200,4,Electronics,Phones,EMI,-45.04504504504504
B-25642,434,26,11,Clothing,Shirt,CREDIT CARD,5.990783410138248
B-25987,299,0,6,Clothing,Stole,COD,0.0
B-25903,37,17,3,Clothing,Hankerchief,DEBIT CARD,45.94594594594595
B-25770,299,113,2,Furniture,Bookcases,COD,37.79264214046823
B-25840,298,74,2,Furniture,Bookcases,COD,24.832214765100673
B-25846,94,7,7,Clothing,Leggings,UPI,7.446808510638298
B-25745,296,225,11,Clothing,Saree,COD,76.01351351351352
B-26073,37,17,3,Clothing,Hankerchief,DEBIT CARD,45.94594594594595
B-26030,291,93,2,Electronics,Printers,COD,31.958762886597935
B-25678,327,-39,1,Electronics,Phones,COD,-11.926605504587156
B-26035,291,119,11,Clothing,Saree,COD,40.893470790378004
B-25896,287,-66,6,Clothing,Kurti,COD,-22.99651567944251
B-25989,42,15,1,Electronics,Accessories,UPI,35.714285714285715
B-26016,429,61,3,Electronics,Electronic Games,CREDIT CARD,14.219114219114218
B-26009,285,128,2,Electronics,Printers,COD,44.91228070175438
B-25915,277,3,1,Electronics,Electronic Games,COD,1.083032490974729
B-25845,274,-7,4,Electronics,Phones,COD,-2.5547445255474455
B-25645,273,-87,4,Electronics,Phones,COD,-31.868131868131865
B-25803,269,91,1,Electronics,Electronic Games,COD,33.82899628252788
B-26030,11,5,1,Clothing,Skirt,COD,45.45454545454545
B-25955,39,2,2,Clothing,Saree,DEBIT CARD,5.128205128205128
B-26096,264,-26,3,Clothing,Trousers,COD,-9.848484848484848
B-25635,40,16,3,Clothing,Hankerchief,DEBIT CARD,40.0
B-26038,41,19,2,Clothing,T-Shirt,DEBIT CARD,46.34146341463415
B-25791,253,-63,2,Clothing,Saree,UPI,-24.90118577075099
B-26014,406,97,7,Furniture,Chairs,CREDIT CARD,23.891625615763548
B-25751,32,7,3,Clothing,Hankerchief,COD,21.875
B-25962,260,68,2,Electronics,Printers,COD,26.153846153846157
B-26025,41,19,5,Clothing,Hankerchief,DEBIT CARD,46.34146341463415
B-26048,401,13,6,Furniture,Chairs,CREDIT CARD,3.2418952618453867
B-25635,382,30,3,Clothing,Saree,CREDIT CARD,7.853403141361256
B-25981,867,251,5,Electronics,Phones,COD,28.95040369088812
B-25610,43,0,3,Clothing,Saree,DEBIT CARD,0.0
B-25733,43,-43,7,Clothing,Stole,DEBIT CARD,-100.0
B-25977,74,29,3,Clothing,Stole,COD,39.189189189189186
B-25655,44,-26,3,Clothing,Hankerchief,DEBIT CARD,-59.09090909090909
B-25612,259,-55,2,Furniture,Chairs,COD,-21.235521235521233
B-25608,257,23,5,Clothing,Hankerchief,COD,8.949416342412452
B-25752,76,27,5,Clothing,Stole,COD,35.526315789473685
B-25700,44,-32,3,Clothing,Stole,DEBIT CARD,-72.72727272727273
B-25856,257,3,2,Clothing,Saree,COD,1.1673151750972763
B-26026,255,76,9,Clothing,Hankerchief,COD,29.80392156862745
B-25861,44,14,3,Clothing,Hankerchief,DEBIT CARD,31.818181818181817
B-25673,45,-2,4,Clothing,Shirt,COD,-4.444444444444445
B-25681,44,-3,1,Clothing,Saree,DEBIT CARD,-6.8181818181818175
B-26051,382,119,2,Clothing,Saree,CREDIT CARD,31.151832460732987
B-25951,250,100,3,Clothing,Trousers,COD,40.0
B-25799,45,-15,2,Furniture,Chairs,COD,-33.33333333333333
B-26053,246,61,2,Furniture,Bookcases,COD,24.796747967479675
B-26030,50,25,5,Clothing,Stole,COD,50.0
B-26054,246,98,5,Clothing,Hankerchief,COD,39.83739837398374
B-25696,44,99,3,Clothing,Kurti,DEBIT CARD,225.0
B-25660,245,-78,3,Clothing,Saree,COD,-31.83673469387755
B-25858,245,30,2,Clothing,Saree,COD,12.244897959183673
B-26045,376,0,7,Clothing,Stole,CREDIT CARD,0.0
B-25850,45,1,3,Clothing,T-Shirt,DEBIT CARD,2.2222222222222223
B-25781,45,-28,2,Clothing,Stole,DEBIT CARD,-62.22222222222222
B-25918,244,-122,5,Furniture,Furnishings,COD,-50.0
B-25971,244,83,2,Furniture,Bookcases,COD,34.01639344262295
B-25870,10,4,1,Clothing,Kurti,UPI,40.0
B-25770,375,180,3,Furniture,Bookcases,CREDIT CARD,48.0
B-25757,46,14,5,Clothing,Skirt,DEBIT CARD,30.434782608695656
B-25699,49,-31,2,Clothing,Stole,UPI,-63.26530612244898
B-25776,47,-20,2,Clothing,Kurti,DEBIT CARD,-42.5531914893617
B-25893,355,-114,7,Clothing,Stole,CREDIT CARD,-32.11267605633803
B-25985,32,8,5,Clothing,Hankerchief,UPI,25.0
B-25681,243,-14,2,Furniture,Chairs,COD,-5.761316872427984
B-26063,241,-77,4,Electronics,Electronic Games,COD,-31.950207468879665
B-26032,47,15,5,Clothing,Saree,DEBIT CARD,31.914893617021278
B-26001,50,-10,6,Clothing,Skirt,DEBIT CARD,-20.0
B-26056,15,6,2,Clothing,Hankerchief,COD,40.0
B-25850,148,24,3,Clothing,Stole,COD,16.216216216216218
B-25767,299,-28,3,Electronics,Electronic Games,UPI,-9.364548494983277
B-25693,68,-30,1,Electronics,Phones,UPI,-44.11764705882353
B-25850,52,18,5,Clothing,Leggings,DEBIT CARD,34.61538461538461
B-25796,239,-162,5,Furniture,Chairs,COD,-67.78242677824268
B-26053,27,6,3,Clothing,Skirt,COD,22.22222222222222
B-25650,238,20,2,Clothing,Saree,COD,8.403361344537815
B-25961,48,16,3,Clothing,Shirt,COD,33.33333333333333
B-26023,66,22,3,Clothing,Stole,UPI,33.33333333333333
B-25809,53,24,1,Clothing,Hankerchief,DEBIT CARD,45.28301886792453
B-25621,233,-10,5,Electronics,Electronic Games,COD,-4.291845493562231
B-25854,53,-2,3,Clothing,Saree,DEBIT CARD,-3.7735849056603774
B-26057,54,8,4,Clothing,T-Shirt,DEBIT CARD,14.814814814814813
B-25688,352,-345,5,Clothing,Saree,CREDIT CARD,-98.01136363636364
B-25885,349,0,7,Clothing,Stole,CREDIT CARD,0.0
B-25753,341,-85,6,Clothing,Trousers,CREDIT CARD,-24.926686217008797
B-25981,54,12,3,Clothing,Saree,DEBIT CARD,22.22222222222222
B-26055,57,7,2,Clothing,Shirt,UPI,12.280701754385964
B-25714,340,20,7,Clothing,Shirt,CREDIT CARD,5.88235294117647
B-26055,227,48,5,Clothing,Stole,COD,21.145374449339208
B-25989,330,81,1,Furniture,Bookcases,CREDIT CARD,24.545454545454547
B-25710,216,-38,6,Furniture,Furnishings,UPI,-17.59259259259259
B-25773,224,-143,3,Furniture,Chairs,COD,-63.83928571428571
B-25661,55,-33,2,Furniture,Chairs,DEBIT CARD,-60.0
B-26021,49,21,1,Clothing,Stole,UPI,42.857142857142854
B-26057,224,87,3,Clothing,Trousers,COD,38.839285714285715
B-25858,223,27,2,Furniture,Bookcases,COD,12.10762331838565
B-25857,324,39,8,Electronics,Accessories,CREDIT CARD,12.037037037037036
B-25656,56,18,2,Clothing,Hankerchief,DEBIT CARD,32.142857142857146
B-25999,223,62,7,Clothing,Shirt,COD,27.802690582959645
B-25856,10,2,2,Clothing,Skirt,COD,20.0
B-25926,57,6,5,Clothing,Leggings,DEBIT CARD,10.526315789473683
B-25728,322,-113,4,Clothing,Saree,CREDIT CARD,-35.09316770186335
B-26076,219,4,2,Clothing,Saree,COD,1.82648401826484
B-25913,103,21,7,Clothing,Stole,UPI,20.388349514563107
B-25703,47,-27,4,Clothing,Saree,COD,-57.446808510638306
B-25858,219,0,1,Clothing,Saree,COD,0.0
B-25727,57,-48,6,Clothing,Leggings,DEBIT CARD,-84.21052631578947
B-26020,319,102,6,Electronics,Accessories,CREDIT CARD,31.974921630094045
B-26003,315,-8,3,Furniture,Chairs,CREDIT CARD,-2.5396825396825395
B-25925,314,-41,3,Electronics,Electronic Games,CREDIT CARD,-13.05732484076433
B-26087,311,40,1,Electronics,Electronic Games,EMI,12.861736334405144
B-25810,307,74,3,Electronics,Accessories,EMI,24.104234527687296
B-25858,294,109,7,Electronics,Accessories,EMI,37.07482993197279
B-25861,216,-83,3,Electronics,Electronic Games,COD,-38.425925925925924
B-25661,58,-42,2,Furniture,Chairs,DEBIT CARD,-72.41379310344827
B-25943,48,20,4,Clothing,Stole,UPI,41.66666666666667
B-25955,54,14,3,Clothing,T-Shirt,UPI,25.925925925925924
B-26051,216,50,4,Clothing,Stole,COD,23.14814814814815
B-25999,215,-30,2,Clothing,Saree,COD,-13.953488372093023
B-26083,43,8,3,Clothing,Leggings,COD,18.6046511627907
B-25950,136,-33,5,Clothing,Saree,COD,-24.264705882352942
B-25625,59,-30,3,Clothing,Leggings,DEBIT CARD,-50.847457627118644
B-26055,213,4,14,Clothing,Shirt,COD,1.8779342723004695
B-26023,59,21,2,Clothing,Stole,DEBIT CARD,35.59322033898305
B-26010,55,3,3,Clothing,T-Shirt,COD,5.454545454545454
B-25955,294,62,9,Clothing,T-Shirt,EMI,21.08843537414966
B-25900,210,62,2,Electronics,Phones,COD,29.523809523809526
B-26089,59,24,6,Clothing,Kurti,DEBIT CARD,40.67796610169492
B-25655,396,-31,9,Clothing,Saree,COD,-7.828282828282829
B-25979,284,45,2,Furniture,Bookcases,EMI,15.845070422535212
B-26002,276,52,5,Clothing,Saree,EMI,18.84057971014493
B-25635,23,2,2,Clothing,Skirt,UPI,8.695652173913043
B-26084,209,-63,4,Electronics,Electronic Games,COD,-30.14354066985646
B-25998,50,-28,5,Furniture,Furnishings,COD,-56.00000000000001
B-25872,57,27,2,Clothing,Shirt,COD,47.368421052631575
B-25795,276,-21,2,Electronics,Phones,EMI,-7.608695652173914
B-25902,268,6,2,Furniture,Bookcases,UPI,2.2388059701492535
B-25650,269,111,3,Clothing,Trousers,EMI,41.2639405204461
B-25957,209,2,1,Clothing,Saree,COD,0.9569377990430622
B-25793,60,-12,4,Clothing,Hankerchief,DEBIT CARD,-20.0
B-25654,269,-86,2,Electronics,Electronic Games,EMI,-31.970260223048324
B-25750,208,-25,2,Clothing,Saree,COD,-12.01923076923077
B-25835,27,2,2,Clothing,Leggings,UPI,7.4074074074074066
B-25652,206,-206,3,Clothing,Saree,COD,-100.0
B-26018,61,8,4,Clothing,Hankerchief,DEBIT CARD,13.114754098360656
B-25750,212,-24,2,Furniture,Chairs,COD,-11.320754716981133
B-25840,262,64,6,Clothing,Saree,EMI,24.427480916030532
B-25756,204,276,3,Furniture,Bookcases,COD,135.29411764705884
B-25777,59,-46,7,Clothing,T-Shirt,UPI,-77.96610169491525
B-25750,199,-18,2,Clothing,Saree,COD,-9.045226130653267
B-25823,59,6,1,Electronics,Accessories,UPI,10.16949152542373
B-26096,45,9,3,Clothing,Leggings,UPI,20.0
B-25757,211,19,8,Clothing,Stole,COD,9.004739336492891
B-25698,65,-16,2,Electronics,Phones,DEBIT CARD,-24.615384615384617
B-25710,25,0,4,Clothing,Skirt,UPI,0.0
B-25994,196,-7,5,Electronics,Phones,COD,-3.571428571428571
B-25950,261,13,6,Clothing,Shirt,CREDIT CARD,4.980842911877394
B-25653,195,-117,5,Electronics,Phones,COD,-60.0
B-25785,192,-146,3,Clothing,Saree,COD,-76.04166666666666
B-25863,189,87,7,Clothing,Stole,COD,46.03174603174603
B-25959,32,2,2,Clothing,Kurti,UPI,6.25
B-25991,188,13,7,Clothing,Shirt,COD,6.914893617021277
B-25680,73,-25,3,Clothing,Saree,COD,-34.24657534246575
B-25910,259,47,5,Clothing,Hankerchief,CREDIT CARD,18.146718146718147
B-25737,187,-15,3,Clothing,Trousers,COD,-8.02139037433155
B-25853,26,11,2,Clothing,Hankerchief,UPI,42.30769230769231
B-26097,185,-26,6,Furniture,Chairs,COD,-14.054054054054054
B-25875,248,8,2,Clothing,Saree,CREDIT CARD,3.225806451612903
B-26031,67,9,4,Clothing,Leggings,DEBIT CARD,13.432835820895523
B-25773,248,-70,3,Furniture,Chairs,CREDIT CARD,-28.225806451612907
B-25840,246,61,2,Furniture,Bookcases,CREDIT CARD,24.796747967479675
B-25908,179,-25,5,Clothing,Kurti,COD,-13.966480446927374
B-26041,176,-28,5,Furniture,Furnishings,COD,-15.909090909090908
B-26010,176,-13,5,Furniture,Furnishings,COD,-7.386363636363637
B-25640,68,-62,2,Clothing,Trousers,DEBIT CARD,-91.17647058823529
B-25794,176,37,6,Electronics,Accessories,COD,21.022727272727273
B-25987,88,11,7,Clothing,Hankerchief,UPI,12.5
B-25615,68,20,5,Clothing,Hankerchief,DEBIT CARD,29.411764705882355
B-25997,231,99,2,Electronics,Electronic Games,CREDIT CARD,42.857142857142854
B-25981,62,8,2,Clothing,T-Shirt,UPI,12.903225806451612
B-25791,175,77,3,Clothing,Saree,COD,44.0
B-25986,71,4,5,Clothing,Leggings,DEBIT CARD,5.633802816901409
B-25652,174,-70,3,Electronics,Accessories,COD,-40.229885057471265
B-25952,173,69,3,Furniture,Chairs,COD,39.884393063583815
B-25898,171,2,2,Electronics,Electronic Games,COD,1.1695906432748537
B-25785,268,-25,3,Clothing,Saree,COD,-9.328358208955224
B-25990,71,32,3,Clothing,Saree,DEBIT CARD,45.07042253521127
B-26091,29,10,4,Clothing,Hankerchief,UPI,34.48275862068966
B-25604,65,17,2,Clothing,T-Shirt,UPI,26.153846153846157
B-25754,72,-46,7,Clothing,Kurti,DEBIT CARD,-63.888888888888886
B-25724,168,-51,2,Furniture,Bookcases,COD,-30.357142857142854
B-25757,165,30,3,Clothing,Stole,COD,18.181818181818183
B-25767,74,-59,2,Electronics,Accessories,DEBIT CARD,-79.72972972972973
B-25886,89,17,2,Clothing,Stole,UPI,19.101123595505616
B-25621,228,63,3,Electronics,Electronic Games,CREDIT CARD,27.631578947368425
B-25967,119,-24,4,Furniture,Furnishings,COD,-20.168067226890756
B-25691,75,-25,3,Clothing,Stole,UPI,-33.33333333333333
B-25953,67,20,4,Clothing,T-Shirt,UPI,29.850746268656714
B-25651,7,0,1,Clothing,Leggings,COD,0.0
B-25828,222,35,5,Clothing,Saree,CREDIT CARD,15.765765765765765
B-25628,219,-9,4,Clothing,Saree,CREDIT CARD,-4.10958904109589
B-25703,42,-23,2,Furniture,Furnishings,UPI,-54.761904761904766
B-25929,216,-135,3,Furniture,Chairs,CREDIT CARD,-62.5
B-25748,47,-21,2,Electronics,Electronic Games,COD,-44.680851063829785
B-25610,68,-55,5,Electronics,Accessories,UPI,-80.88235294117648
B-25903,74,33,2,Clothing,Shirt,DEBIT CARD,44.5945945945946
B-25878,165,46,3,Furniture,Furnishings,COD,27.878787878787882
B-26056,101,11,2,Clothing,Hankerchief,UPI,10.891089108910892
B-26004,162,73,2,Electronics,Electronic Games,COD,45.06172839506173
B-25699,20,-22,1,Furniture,Furnishings,UPI,-110.00000000000001
B-26053,162,55,3,Clothing,Stole,COD,33.95061728395062
B-25654,229,-23,2,Clothing,Saree,UPI,-10.043668122270741
B-25954,27,0,2,Clothing,Leggings,COD,0.0
B-25910,685,7,7,Clothing,Trousers,UPI,1.0218978102189782
B-26064,75,2,5,Clothing,Leggings,DEBIT CARD,2.666666666666667
B-25983,161,-229,8,Furniture,Furnishings,COD,-142.23602484472048
B-26002,71,19,3,Clothing,T-Shirt,COD,26.76056338028169
B-25650,211,-105,2,Clothing,Saree,CREDIT CARD,-49.763033175355446
B-26043,79,5,6,Clothing,Hankerchief,DEBIT CARD,6.329113924050633
B-25657,32,-22,5,Clothing,Saree,UPI,-68.75
B-25838,161,40,3,Clothing,Stole,COD,24.84472049689441
B-25651,159,4,1,Clothing,Saree,COD,2.515723270440252
B-25808,210,-50,4,Clothing,Hankerchief,CREDIT CARD,-23.809523809523807
B-25973,79,39,2,Clothing,Shirt,DEBIT CARD,49.36708860759494
B-25698,207,153,3,Clothing,Saree,CREDIT CARD,73.91304347826086
B-25818,36,0,4,Clothing,Kurti,COD,0.0
B-26061,206,12,1,Electronics,Printers,CREDIT CARD,5.825242718446602
B-25878,46,0,4,Clothing,Leggings,COD,0.0
B-26054,156,23,3,Clothing,Stole,COD,14.743589743589745
B-25809,154,54,3,Clothing,Hankerchief,COD,35.064935064935064
B-26042,36,15,3,Clothing,Stole,UPI,41.66666666666667
B-26008,206,51,4,Clothing,Hankerchief,CREDIT CARD,24.75728155339806
B-25927,200,7,4,Electronics,Electronic Games,CREDIT CARD,3.5000000000000004
B-26008,199,-1,1,Clothing,Saree,CREDIT CARD,-0.5025125628140703
B-25753,154,22,7,Clothing,T-Shirt,COD,14.285714285714285
B-25948,152,23,3,Furniture,Furnishings,COD,15.131578947368421
B-26094,152,50,6,Clothing,Stole,COD,32.89473684210527
B-25654,122,-21,3,Furniture,Furnishings,UPI,-17.21311475409836
B-25854,149,48,6,Clothing,Stole,COD,32.21476510067114
B-25623,149,-87,4,Clothing,Saree,COD,-58.38926174496645
B-25985,197,20,4,Clothing,Kurti,CREDIT CARD,10.152284263959391
B-25723,76,-54,3,Electronics,Electronic Games,COD,-71.05263157894737
B-25751,221,-15,2,Electronics,Electronic Games,COD,-6.787330316742081
B-26050,79,32,3,Clothing,Saree,DEBIT CARD,40.50632911392405
B-25800,45,12,7,Clothing,Hankerchief,UPI,26.666666666666668
B-25673,149,-1,1,Clothing,Saree,COD,-0.6711409395973155
B-26002,80,22,3,Clothing,Stole,DEBIT CARD,27.500000000000004
B-26009,195,12,9,Clothing,Shirt,CREDIT CARD,6.153846153846154
B-25754,19,0,3,Clothing,Skirt,UPI,0.0
B-25953,81,41,3,Clothing,Stole,DEBIT CARD,50.617283950617285
B-26039,83,34,5,Clothing,Shirt,DEBIT CARD,40.963855421686745
B-26001,149,17,4,Furniture,Furnishings,COD,11.409395973154362
B-25620,193,46,1,Electronics,Printers,CREDIT CARD,23.83419689119171
B-26051,85,24,10,Clothing,Hankerchief,DEBIT CARD,28.235294117647058
B-25673,44,-17,5,Clothing,Saree,UPI,-38.63636363636363
B-25721,149,-40,2,Electronics,Phones,COD,-26.845637583892618
B-25764,26,0,2,Clothing,Kurti,COD,0.0
B-25645,86,0,4,Clothing,T-Shirt,DEBIT CARD,0.0
B-26066,86,22,2,Clothing,Saree,DEBIT CARD,25.581395348837212
B-26003,79,16,3,Clothing,T-Shirt,COD,20.253164556962027
B-25712,193,-275,3,Electronics,Phones,CREDIT CARD,-142.48704663212436
B-25796,148,0,3,Clothing,Saree,COD,0.0
B-25738,70,-14,2,Furniture,Furnishings,UPI,-20.0
B-25771,148,59,3,Clothing,Hankerchief,COD,39.86486486486486
B-25950,190,19,9,Furniture,Furnishings,CREDIT CARD,10.0
B-26038,52,14,2,Clothing,Stole,COD,26.923076923076923
B-26004,147,44,3,Clothing,Saree,COD,29.931972789115648
B-25896,190,68,8,Clothing,T-Shirt,CREDIT CARD,35.78947368421053
B-25601,80,-56,4,Electronics,Electronic Games,UPI,-70.0
B-25952,147,48,3,Clothing,Saree,COD,32.6530612244898
B-25873,66,12,3,Clothing,Stole,COD,18.181818181818183
B-25844,86,8,2,Clothing,Saree,DEBIT CARD,9.30232558139535
B-26054,88,19,2,Clothing,Shirt,DEBIT CARD,21.59090909090909
B-25953,188,-193,2,Electronics,Electronic Games,CREDIT CARD,-102.65957446808511
B-25951,89,29,2,Clothing,Stole,UPI,32.58426966292135
B-26065,146,19,5,Clothing,Stole,COD,13.013698630136986
B-26033,143,32,1,Furniture,Bookcases,COD,22.377622377622377
B-25781,25,-1,4,Clothing,Kurti,COD,-4.0
B-26043,30,12,3,Clothing,Skirt,UPI,40.0
B-25787,140,-58,4,Furniture,Furnishings,COD,-41.42857142857143
B-25664,83,-48,1,Furniture,Bookcases,UPI,-57.831325301204814
B-25825,140,6,5,Clothing,Saree,COD,4.285714285714286
B-25818,28,14,4,Clothing,Hankerchief,COD,50.0
B-25765,139,14,3,Clothing,Stole,COD,10.071942446043165
B-25853,30,14,3,Clothing,Hankerchief,UPI,46.666666666666664
B-26030,89,36,3,Clothing,Shirt,UPI,40.44943820224719
B-25730,187,30,4,Electronics,Accessories,CREDIT CARD,16.0427807486631
B-26054,139,21,3,Electronics,Accessories,COD,15.107913669064748
B-25773,437,-14,2,Clothing,Saree,UPI,-3.203661327231121
B-25717,138,-3,5,Clothing,Saree,COD,-2.1739130434782608
B-26010,85,13,2,Clothing,Shirt,UPI,15.294117647058824
B-25893,83,12,3,Clothing,Stole,UPI,14.457831325301203
B-26076,91,22,2,Clothing,Stole,UPI,24.175824175824175
B-25803,137,5,5,Clothing,Shirt,COD,3.64963503649635
B-25709,33,-12,7,Clothing,Saree,UPI,-36.36363636363637
B-25755,134,-34,2,Furniture,Chairs,COD,-25.37313432835821
B-25684,134,42,2,Furniture,Chairs,COD,31.343283582089555
B-25739,133,-56,2,Furniture,Chairs,COD,-42.10526315789473
B-26081,93,-84,3,Clothing,Saree,UPI,-90.32258064516128
B-25662,86,-21,1,Electronics,Electronic Games,UPI,-24.418604651162788
B-25845,132,54,5,Clothing,Stole,COD,40.909090909090914
B-26085,132,-10,3,Clothing,Saree,COD,-7.575757575757576
B-25745,132,-79,5,Furniture,Furnishings,COD,-59.84848484848485
B-25999,93,-65,4,Clothing,Stole,UPI,-69.89247311827957
B-26082,95,5,2,Clothing,Stole,UPI,5.263157894736842
B-26097,97,12,2,Clothing,Hankerchief,UPI,12.371134020618557
B-25731,131,-154,8,Furniture,Furnishings,COD,-117.55725190839695
B-25625,97,29,2,Clothing,Hankerchief,UPI,29.896907216494846
B-25853,128,4,3,Clothing,Saree,COD,3.125
B-25703,186,241,9,Clothing,Shirt,CREDIT CARD,129.56989247311827
B-26003,128,47,4,Clothing,Hankerchief,COD,36.71875
B-25803,185,48,4,Clothing,Stole,CREDIT CARD,25.945945945945947
B-25719,29,10,2,Clothing,Stole,COD,34.48275862068966
B-25883,127,29,3,Furniture,Furnishings,COD,22.83464566929134
B-25891,97,36,7,Clothing,Hankerchief,UPI,37.11340206185567
B-25821,125,0,3,Electronics,Accessories,COD,0.0
B-25646,299,-8,2,Clothing,Saree,COD,-2.6755852842809364
B-25874,124,54,5,Clothing,T-Shirt,COD,43.54838709677419
B-25717,90,17,3,Clothing,Shirt,COD,18.88888888888889
B-26073,122,11,4,Clothing,Hankerchief,COD,9.01639344262295
B-25800,122,-66,9,Electronics,Accessories,COD,-54.09836065573771
B-25991,90,30,2,Furniture,Chairs,UPI,33.33333333333333
B-25638,182,-11,3,Furniture,Bookcases,CREDIT CARD,-6.043956043956044
B-26021,122,59,7,Furniture,Furnishings,COD,48.36065573770492
B-25882,121,19,4,Clothing,Stole,COD,15.702479338842975
B-26053,120,1,1,Furniture,Chairs,COD,0.8333333333333334
B-25951,120,23,5,Clothing,Stole,COD,19.166666666666668
B-25757,34,-11,5,Clothing,T-Shirt,COD,-32.35294117647059
B-25777,117,17,6,Clothing,Kurti,COD,14.529914529914532
B-26040,38,9,2,Clothing,Stole,COD,23.684210526315788
B-25696,117,-6,3,Electronics,Phones,COD,-5.128205128205128
B-25977,180,54,4,Clothing,T-Shirt,CREDIT CARD,30.0
B-25743,99,-5,1,Clothing,Saree,UPI,-5.05050505050505
B-25651,172,-103,3,Furniture,Chairs,EMI,-59.883720930232556
B-25603,116,16,4,Clothing,Stole,COD,13.793103448275861
B-25696,116,-4,1,Clothing,Saree,COD,-3.4482758620689653
B-26037,171,68,7,Clothing,Stole,EMI,39.76608187134503
B-26098,46,14,5,Clothing,Skirt,COD,30.434782608695656
B-25697,115,-39,3,Clothing,Trousers,COD,-33.91304347826087
B-25920,100,7,2,Clothing,T-Shirt,UPI,7.000000000000001
B-25993,44,8,2,Clothing,Stole,COD,18.181818181818183
B-26089,139,14,3,Clothing,Kurti,COD,10.071942446043165
B-25960,171,-140,2,Furniture,Bookcases,EMI,-81.87134502923976
B-25917,100,12,2,Clothing,T-Shirt,UPI,12.0
B-25825,115,25,6,Clothing,Stole,COD,21.73913043478261
B-25696,168,-9,3,Clothing,Saree,COD,-5.357142857142857
B-25972,115,47,2,Electronics,Accessories,COD,40.869565217391305
B-25602,168,-111,2,Electronics,Phones,EMI,-66.07142857142857
B-25736,31,-7,5,Clothing,Skirt,UPI,-22.58064516129032
B-26003,114,41,6,Furniture,Furnishings,COD,35.96491228070175
B-25970,111,9,4,Clothing,Stole,COD,8.108108108108109
B-25742,11,-8,2,Clothing,Skirt,UPI,-72.72727272727273
B-25770,110,35,1,Furniture,Furnishings,COD,31.818181818181817
B-26098,59,15,2,Clothing,T-Shirt,UPI,25.423728813559322
B-26050,166,27,2,Electronics,Accessories,EMI,16.265060240963855
B-25778,109,-6,6,Clothing,Saree,COD,-5.5045871559633035
B-25652,34,-6,4,Clothing,Leggings,COD,-17.647058823529413
B-25999,109,40,1,Furniture,Furnishings,COD,36.69724770642202
B-25909,108,22,3,Electronics,Accessories,COD,20.37037037037037
B-25823,103,50,2,Furniture,Furnishings,UPI,48.54368932038835
B-25701,10,-8,2,Clothing,Skirt,COD,-80.0
B-25855,90,17,3,Clothing,Hankerchief,COD,18.88888888888889
B-25654,105,46,2,Clothing,Stole,UPI,43.80952380952381
B-25623,105,20,2,Clothing,Stole,DEBIT CARD,19.047619047619047
B-25641,22,-6,1,Furniture,Furnishings,COD,-27.27272727272727
B-25852,105,-33,5,Clothing,Kurti,COD,-31.428571428571427
B-25958,105,25,2,Clothing,Hankerchief,EMI,23.809523809523807
B-25802,25,-7,5,Clothing,Saree,UPI,-28.000000000000004
B-25823,104,2,2,Furniture,Furnishings,COD,1.9230769230769231
B-25834,16,5,1,Clothing,Stole,UPI,31.25
B-25678,64,-7,3,Clothing,Saree,COD,-10.9375
B-25774,38,-6,2,Furniture,Furnishings,UPI,-15.789473684210526
B-25904,83,12,2,Furniture,Chairs,COD,14.457831325301203
B-25896,103,36,2,Clothing,Hankerchief,COD,34.95145631067961
B-25796,37,-6,1,Clothing,Saree,UPI,-16.216216216216218
B-25934,105,33,6,Clothing,Saree,EMI,31.428571428571427
B-25750,78,-6,2,Furniture,Furnishings,UPI,-7.6923076923076925
B-25761,102,-90,1,Clothing,Saree,COD,-88.23529411764706
B-25912,102,11,6,Clothing,T-Shirt,COD,10.784313725490197
B-25751,10,-8,1,Clothing,Kurti,UPI,-80.0
B-25656,101,18,9,Clothing,Skirt,COD,17.82178217821782
B-25647,42,-6,4,Clothing,Saree,UPI,-14.285714285714285
B-25861,56,18,2,Clothing,Hankerchief,UPI,32.142857142857146
B-25802,95,5,2,Clothing,Stole,COD,5.263157894736842
B-25901,159,2,3,Furniture,Furnishings,EMI,1.257861635220126
B-25623,158,69,3,Clothing,Stole,EMI,43.67088607594937
B-25751,106,0,2,Electronics,Phones,EMI,0.0
B-26052,101,16,4,Clothing,T-Shirt,COD,15.841584158415841
B-25886,107,37,3,Clothing,Shirt,COD,34.57943925233645
B-25804,156,36,5,Clothing,T-Shirt,EMI,23.076923076923077
B-25734,108,-19,3,Electronics,Electronic Games,UPI,-17.59259259259259
B-25610,107,-54,4,Clothing,Stole,EMI,-50.467289719626166
B-25711,100,-58,4,Clothing,Hankerchief,COD,-57.99999999999999
B-25985,108,26,4,Clothing,Shirt,UPI,24.074074074074073
B-25864,100,6,4,Clothing,Stole,COD,6.0
B-25648,100,-23,1,Electronics,Phones,COD,-23.0
B-26086,43,17,2,Clothing,T-Shirt,UPI,39.53488372093023
B-25835,155,26,3,Clothing,Stole,EMI,16.7741935483871
B-25949,151,9,3,Clothing,Hankerchief,EMI,5.960264900662252
B-25930,151,29,5,Clothing,Hankerchief,EMI,19.205298013245034
B-25655,110,-68,4,Clothing,Saree,EMI,-61.81818181818181
B-25757,98,9,2,Furniture,Furnishings,COD,9.183673469387756
B-25655,97,-62,2,Clothing,Trousers,COD,-63.91752577319587
B-26033,111,35,5,Clothing,Shirt,COD,31.53153153153153
B-26083,45,17,1,Electronics,Accessories,COD,37.77777777777778
B-25805,112,15,2,Furniture,Chairs,COD,13.392857142857142
B-25955,110,20,5,Clothing,Stole,DEBIT CARD,18.181818181818183
B-25762,98,-5,2,Clothing,Saree,UPI,-5.1020408163265305
B-25919,110,12,7,Clothing,Stole,DEBIT CARD,10.909090909090908
B-25853,95,11,4,Furniture,Furnishings,COD,11.578947368421053
B-25925,1228,14,3,Furniture,Chairs,UPI,1.1400651465798046
B-26023,29,0,3,Furniture,Furnishings,COD,0.0
B-26055,94,27,2,Clothing,T-Shirt,COD,28.723404255319153
B-25653,115,25,1,Electronics,Accessories,COD,21.73913043478261
B-25893,149,15,3,Clothing,Saree,EMI,10.06711409395973
B-26052,148,23,4,Clothing,Kurti,EMI,15.54054054054054
B-25830,93,15,2,Electronics,Accessories,COD,16.129032258064516
B-26040,113,24,4,Clothing,Hankerchief,DEBIT CARD,21.238938053097346
B-25981,48,2,3,Clothing,Stole,COD,4.166666666666666
B-25954,148,9,1,Electronics,Electronic Games,UPI,6.081081081081082
B-25889,114,11,4,Clothing,T-Shirt,DEBIT CARD,9.649122807017543
B-25810,92,42,2,Clothing,Stole,COD,45.65217391304348
B-25637,117,14,3,Clothing,Shirt,UPI,11.965811965811966
B-25801,21,-10,4,Clothing,Leggings,COD,-47.61904761904761
B-25783,33,-10,6,Clothing,Leggings,UPI,-30.303030303030305
B-25697,114,8,3,Electronics,Accessories,DEBIT CARD,7.017543859649122
B-26028,115,0,1,Electronics,Accessories,DEBIT CARD,0.0
B-25851,90,29,5,Clothing,T-Shirt,COD,32.22222222222222
B-25938,61,1,2,Furniture,Furnishings,COD,1.639344262295082
B-25820,119,1,1,Furniture,Chairs,COD,0.8403361344537815
B-25850,117,36,2,Clothing,Trousers,DEBIT CARD,30.76923076923077
B-25924,148,54,2,Furniture,Chairs,UPI,36.486486486486484
B-25609,249,-5,4,Clothing,Saree,COD,-2.0080321285140563
B-25898,147,73,3,Clothing,Stole,UPI,49.65986394557823
B-25814,118,35,7,Clothing,T-Shirt,EMI,29.66101694915254
B-26087,119,56,7,Clothing,Saree,EMI,47.05882352941176
B-25901,90,27,2,Clothing,T-Shirt,COD,30.0
B-26025,32,1,2,Clothing,Stole,COD,3.125
B-25631,89,-89,2,Furniture,Furnishings,COD,-100.0
B-25954,146,66,1,Electronics,Phones,UPI,45.20547945205479
B-25956,89,-37,4,Clothing,Shirt,COD,-41.57303370786517
B-26096,88,11,3,Electronics,Accessories,COD,12.5
B-25862,121,41,4,Clothing,Stole,EMI,33.88429752066116
B-26054,88,20,2,Clothing,Saree,COD,22.727272727272727
B-25698,87,-83,5,Clothing,Kurti,COD,-95.40229885057471
B-25606,87,4,2,Clothing,Shirt,COD,4.597701149425287
B-25928,122,15,3,Electronics,Accessories,EMI,12.295081967213115
B-26005,87,10,3,Clothing,Stole,COD,11.494252873563218
B-25963,53,8,3,Furniture,Furnishings,UPI,15.09433962264151
B-25952,87,-32,9,Clothing,Skirt,COD,-36.7816091954023
B-25683,86,-55,6,Clothing,Saree,COD,-63.95348837209303
B-25914,125,22,3,Clothing,Stole,EMI,17.599999999999998
B-25828,128,-3,3,Clothing,Saree,DEBIT CARD,-2.34375
B-25743,143,-124,5,Clothing,Saree,UPI,-86.7132867132867
B-26085,86,22,2,Clothing,Saree,COD,25.581395348837212
B-25869,86,9,3,Clothing,Saree,COD,10.465116279069768
B-25773,85,-9,4,Clothing,Saree,COD,-10.588235294117647
B-25700,129,-75,5,Clothing,Shirt,DEBIT CARD,-58.139534883720934
B-25921,84,-42,2,Electronics,Accessories,COD,-50.0
B-25730,83,-81,3,Furniture,Chairs,COD,-97.59036144578313
B-26083,143,6,2,Electronics,Accessories,UPI,4.195804195804196
B-25849,336,123,3,Electronics,Phones,UPI,36.607142857142854
B-25909,323,122,5,Electronics,Phones,UPI,37.77089783281733
B-26038,130,61,3,Clothing,Shirt,DEBIT CARD,46.92307692307692
B-25999,152,-3,5,Clothing,Saree,COD,-1.9736842105263157
B-25928,25,10,1,Furniture,Furnishings,UPI,40.0
B-25878,140,15,5,Clothing,Stole,UPI,10.714285714285714
B-25843,45,0,2,Clothing,Stole,UPI,0.0
B-25959,132,49,3,Clothing,Shirt,COD,37.121212121212125
B-25630,133,12,5,Clothing,Stole,DEBIT CARD,9.022556390977442
B-25858,82,13,2,Clothing,Shirt,COD,15.853658536585366
B-26096,140,56,4,Clothing,Shirt,UPI,40.0
B-25838,81,19,7,Clothing,Hankerchief,COD,23.456790123456788
B-25943,137,38,5,Clothing,Hankerchief,DEBIT CARD,27.73722627737226
B-25780,137,-41,3,Electronics,Phones,DEBIT CARD,-29.927007299270077
B-25949,140,57,2,Clothing,Trousers,DEBIT CARD,40.714285714285715
B-25892,139,30,3,Clothing,Shirt,UPI,21.58273381294964
B-26054,138,11,5,Clothing,Stole,UPI,7.971014492753622
B-25988,79,-124,9,Clothing,Skirt,COD,-156.96202531645568
B-25939,136,41,3,Electronics,Accessories,UPI,30.14705882352941
B-26083,145,16,3,Clothing,T-Shirt,DEBIT CARD,11.03448275862069
B-26078,44,20,2,Clothing,T-Shirt,UPI,45.45454545454545
B-25902,79,6,7,Clothing,Saree,COD,7.59493670886076
B-25676,79,36,4,Clothing,Shirt,COD,45.56962025316456
B-26016,134,-13,3,Electronics,Electronic Games,UPI,-9.701492537313433
B-25950,133,5,5,Clothing,Stole,UPI,3.7593984962406015
B-26056,47,20,7,Clothing,Hankerchief,UPI,42.5531914893617
B-25645,133,-42,1,Electronics,Printers,UPI,-31.57894736842105
B-25906,78,27,3,Clothing,Stole,COD,34.61538461538461
B-26017,78,7,1,Furniture,Chairs,COD,8.974358974358974
B-25644,76,-92,8,Furniture,Furnishings,COD,-121.05263157894737
B-25679,76,-50,1,Clothing,Saree,COD,-65.78947368421053
B-25854,76,19,3,Clothing,Hankerchief,COD,25.0
B-25670,74,29,3,Clothing,Stole,COD,39.189189189189186
B-25792,74,-25,3,Clothing,Stole,COD,-33.78378378378378
B-25808,146,-63,3,Electronics,Electronic Games,DEBIT CARD,-43.15068493150685
B-25750,73,-31,1,Furniture,Bookcases,COD,-42.465753424657535
B-26051,80,22,3,Clothing,Stole,UPI,27.500000000000004
B-26076,133,46,5,Clothing,Shirt,EMI,34.58646616541353
B-25946,146,7,2,Electronics,Phones,DEBIT CARD,4.794520547945205
B-25648,130,-41,4,Clothing,Saree,EMI,-31.538461538461537
B-25992,141,41,3,Clothing,Shirt,UPI,29.078014184397162
B-25848,147,21,3,Furniture,Furnishings,DEBIT CARD,14.285714285714285
B-25697,73,-7,1,Electronics,Phones,COD,-9.58904109589041
B-25659,148,72,7,Clothing,T-Shirt,DEBIT CARD,48.64864864864865
B-25716,58,0,4,Clothing,Saree,UPI,0.0
B-25652,21,-13,3,Clothing,Leggings,UPI,-61.904761904761905
B-26093,148,25,3,Clothing,Saree,DEBIT CARD,16.89189189189189
B-25725,144,-7,4,Electronics,Electronic Games,COD,-4.861111111111112
B-25661,145,-104,5,Furniture,Chairs,UPI,-71.72413793103448
B-25693,72,-49,1,Electronics,Phones,COD,-68.05555555555556
B-25910,125,15,5,Clothing,Shirt,EMI,12.0
B-25943,149,15,3,Clothing,Saree,DEBIT CARD,10.06711409395973
B-26100,72,16,2,Clothing,Shirt,COD,22.22222222222222
B-25830,71,0,8,Clothing,Skirt,COD,0.0
B-25932,71,-14,4,Furniture,Furnishings,COD,-19.718309859154928
B-25929,154,-85,3,Furniture,Chairs,EMI,-55.1948051948052
B-25708,191,13,8,Furniture,Furnishings,COD,6.806282722513089
B-25921,170,19,5,Clothing,T-Shirt,UPI,11.176470588235295
B-25755,47,-3,2,Clothing,Stole,UPI,-6.382978723404255
B-25640,122,-47,4,Clothing,Saree,EMI,-38.52459016393443
B-25838,70,26,5,Clothing,Hankerchief,COD,37.142857142857146
B-26025,155,5,3,Clothing,Stole,EMI,3.225806451612903
B-25789,67,-86,9,Furniture,Furnishings,COD,-128.3582089552239
B-25697,67,-42,3,Clothing,Stole,COD,-62.68656716417911
B-25797,148,-101,2,Furniture,Bookcases,UPI,-68.24324324324324
B-26064,122,38,6,Clothing,T-Shirt,CREDIT CARD,31.147540983606557
B-25732,16,-5,2,Clothing,Stole,UPI,-31.25
B-25654,121,-17,3,Furniture,Furnishings,CREDIT CARD,-14.049586776859504
B-25750,42,-15,12,Clothing,Skirt,UPI,-35.714285714285715
B-25751,65,-4,6,Clothing,Hankerchief,COD,-6.153846153846154
B-25889,119,-43,7,Clothing,Kurti,CREDIT CARD,-36.134453781512605
B-25683,155,56,3,Furniture,Furnishings,EMI,36.12903225806451
B-25602,119,-5,8,Clothing,Saree,CREDIT CARD,-4.201680672268908
B-25871,118,25,4,Clothing,Hankerchief,CREDIT CARD,21.1864406779661
B-25953,116,22,1,Electronics,Accessories,CREDIT CARD,18.96551724137931
B-25950,158,-29,10,Clothing,Hankerchief,EMI,-18.354430379746837
B-26091,158,69,3,Clothing,Stole,EMI,43.67088607594937
B-25753,65,-52,3,Electronics,Accessories,COD,-80.0
B-25611,160,-59,2,Clothing,Saree,EMI,-36.875
B-25935,162,20,3,Furniture,Chairs,EMI,12.345679012345679
B-25886,63,1,4,Clothing,T-Shirt,COD,1.5873015873015872
B-25833,64,27,5,Clothing,Hankerchief,UPI,42.1875
B-25665,166,-113,4,Electronics,Accessories,EMI,-68.07228915662651
B-25694,167,43,7,Clothing,T-Shirt,EMI,25.748502994011975
B-25668,123,17,3,Furniture,Furnishings,COD,13.821138211382115
B-25945,63,14,2,Clothing,Shirt,COD,22.22222222222222
B-25954,891,0,5,Clothing,Saree,COD,0.0
B-25818,75,28,9,Clothing,Hankerchief,UPI,37.333333333333336
B-25861,62,6,5,Clothing,Hankerchief,COD,9.67741935483871
B-25721,29,-18,7,Clothing,Skirt,UPI,-62.06896551724138
B-26024,168,18,6,Clothing,Stole,DEBIT CARD,10.714285714285714
B-26056,70,24,3,Clothing,Stole,UPI,34.285714285714285
B-26050,169,55,4,Clothing,Saree,DEBIT CARD,32.544378698224854
B-25708,32,-8,2,Clothing,Stole,COD,-25.0
B-25651,44,-8,3,Clothing,Stole,UPI,-18.181818181818183
B-25616,116,-56,5,Clothing,Stole,CREDIT CARD,-48.275862068965516
B-25827,156,21,3,Furniture,Chairs,COD,13.461538461538462
B-25996,62,6,6,Clothing,Skirt,COD,9.67741935483871
B-25830,54,1,2,Clothing,Saree,UPI,1.8518518518518516
B-25951,111,11,9,Clothing,Hankerchief,CREDIT CARD,9.90990990990991
B-25713,158,-63,4,Furniture,Chairs,UPI,-39.87341772151899
B-25678,7,-3,2,Clothing,Skirt,UPI,-42.857142857142854
B-25901,61,28,2,Clothing,Hankerchief,UPI,45.90163934426229
B-25798,61,-50,4,Clothing,Hankerchief,COD,-81.9672131147541
B-25902,154,26,4,Electronics,Accessories,COD,16.883116883116884
B-25851,62,1,3,Clothing,Saree,COD,1.6129032258064515
B-25944,169,38,3,Clothing,Saree,DEBIT CARD,22.485207100591715
B-25939,61,18,2,Electronics,Accessories,COD,29.508196721311474
B-25656,61,-23,2,Clothing,Saree,COD,-37.704918032786885
B-25695,171,14,9,Clothing,Shirt,DEBIT CARD,8.187134502923977
B-25781,60,-49,8,Clothing,Hankerchief,COD,-81.66666666666667
B-25783,25,-11,1,Clothing,Stole,UPI,-44.0
B-25867,163,26,4,Clothing,Shirt,COD,15.950920245398773
B-25993,173,86,1,Electronics,Printers,DEBIT CARD,49.71098265895954
B-25755,257,-3,2,Furniture,Bookcases,UPI,-1.1673151750972763
B-25880,108,37,2,Clothing,Stole,CREDIT CARD,34.25925925925926
B-25941,177,41,4,Clothing,Shirt,DEBIT CARD,23.163841807909606
B-25757,106,15,7,Clothing,Hankerchief,CREDIT CARD,14.150943396226415
B-25754,41,-14,5,Clothing,Leggings,UPI,-34.146341463414636
B-25653,168,-10,3,Electronics,Accessories,UPI,-5.952380952380952
B-25821,60,21,4,Clothing,Stole,COD,35.0
B-25706,31,-11,4,Clothing,Stole,COD,-35.483870967741936
B-26064,179,0,2,Clothing,Saree,DEBIT CARD,0.0
B-25803,106,12,3,Clothing,Trousers,CREDIT CARD,11.320754716981133
B-26076,60,13,2,Clothing,T-Shirt,COD,21.666666666666668
B-25603,180,5,3,Clothing,Trousers,DEBIT CARD,2.7777777777777777
B-25903,60,-10,2,Furniture,Furnishings,COD,-16.666666666666664
B-25938,59,25,3,Clothing,Stole,COD,42.3728813559322
B-25868,170,73,2,Electronics,Accessories,UPI,42.94117647058823
B-25956,59,10,2,Clothing,Hankerchief,COD,16.94915254237288
B-25652,24,-21,7,Clothing,Skirt,COD,-87.5
B-25883,105,-26,8,Clothing,Leggings,CREDIT CARD,-24.761904761904763
B-26096,103,46,2,Clothing,Saree,CREDIT CARD,44.66019417475729
B-25969,171,17,6,Clothing,T-Shirt,UPI,9.941520467836257
B-25951,102,13,2,Clothing,Stole,CREDIT CARD,12.745098039215685
B-25855,98,12,2,Clothing,Hankerchief,CREDIT CARD,12.244897959183673
B-26091,59,10,4,Clothing,Leggings,COD,16.94915254237288
B-25954,189,60,4,Furniture,Furnishings,DEBIT CARD,31.746031746031743
B-25763,58,-52,3,Furniture,Chairs,COD,-89.65517241379311
B-25945,60,3,3,Clothing,Saree,UPI,5.0
B-25740,58,-8,2,Clothing,Saree,COD,-13.793103448275861
B-25818,94,20,2,Furniture,Furnishings,UPI,21.27659574468085
B-25603,193,-166,3,Clothing,Saree,EMI,-86.01036269430051
B-25964,199,0,4,Clothing,Stole,EMI,0.0
B-25930,202,89,9,Clothing,T-Shirt,EMI,44.05940594059406
B-25930,58,17,2,Clothing,Hankerchief,COD,29.310344827586203
B-25879,57,-28,2,Clothing,Kurti,COD,-49.122807017543856
B-25903,204,-94,4,Clothing,Hankerchief,EMI,-46.07843137254902
B-25614,98,-12,2,Electronics,Electronic Games,CREDIT CARD,-12.244897959183673
B-25750,22,-12,3,Clothing,Stole,COD,-54.54545454545454
B-25852,97,17,2,Clothing,Stole,CREDIT CARD,17.525773195876287
B-26008,57,24,5,Clothing,Leggings,COD,42.10526315789473
B-26092,97,14,2,Clothing,T-Shirt,CREDIT CARD,14.432989690721648
B-25689,97,17,2,Clothing,Stole,CREDIT CARD,17.525773195876287
B-25730,96,22,5,Clothing,Stole,CREDIT CARD,22.916666666666664
B-25885,94,27,2,Clothing,Shirt,CREDIT CARD,28.723404255319153
B-25999,26,-17,1,Clothing,Stole,COD,-65.38461538461539
B-26011,93,44,2,Clothing,Stole,CREDIT CARD,47.31182795698925
B-25754,93,-65,4,Clothing,Stole,CREDIT CARD,-69.89247311827957
B-26030,92,5,6,Clothing,Hankerchief,CREDIT CARD,5.434782608695652
B-25851,57,27,2,Clothing,T-Shirt,COD,47.368421052631575
B-25870,57,7,3,Furniture,Furnishings,COD,12.280701754385964
B-26074,57,21,4,Clothing,Leggings,COD,36.84210526315789
B-25861,128,4,3,Clothing,Saree,COD,3.125
B-25797,89,-4,5,Clothing,Saree,CREDIT CARD,-4.49438202247191
B-25993,221,26,7,Furniture,Furnishings,COD,11.76470588235294
B-25799,205,-119,3,Clothing,Saree,DEBIT CARD,-58.048780487804876
B-25721,191,51,5,Clothing,Shirt,UPI,26.701570680628272
B-26056,206,18,4,Clothing,Hankerchief,DEBIT CARD,8.737864077669903
B-25743,56,0,4,Clothing,Hankerchief,COD,0.0
B-25854,88,16,4,Clothing,Stole,CREDIT CARD,18.181818181818183
B-25748,224,58,3,Electronics,Phones,UPI,25.892857142857146
B-25976,193,8,4,Clothing,T-Shirt,UPI,4.145077720207254
B-25953,87,36,5,Clothing,Stole,CREDIT CARD,41.37931034482759
B-25996,189,4,1,Clothing,Saree,UPI,2.1164021164021163
B-25717,55,-33,2,Furniture,Chairs,COD,-60.0
B-25865,85,-1,3,Clothing,Saree,CREDIT CARD,-1.1764705882352942
B-25959,252,56,2,Electronics,Phones,UPI,22.22222222222222
B-25855,197,73,1,Furniture,Bookcases,COD,37.055837563451774
B-25703,17,-3,2,Clothing,Stole,UPI,-17.647058823529413
B-26049,100,28,2,Clothing,Hankerchief,UPI,28.000000000000004
B-25755,80,-19,5,Clothing,Stole,UPI,-23.75
B-26070,75,29,1,Clothing,Trousers,UPI,38.666666666666664
B-25755,26,4,2,Clothing,Saree,UPI,15.384615384615385
B-26047,55,12,5,Clothing,Skirt,COD,21.818181818181817
B-25604,157,5,9,Clothing,Saree,UPI,3.1847133757961785
B-25651,200,-60,4,Furniture,Bookcases,UPI,-30.0
B-25983,230,5,2,Clothing,Saree,UPI,2.1739130434782608
B-26056,213,-145,3,Furniture,Bookcases,DEBIT CARD,-68.07511737089203
B-25940,55,4,2,Clothing,Stole,COD,7.2727272727272725
B-25766,220,-19,2,Clothing,Saree,DEBIT CARD,-8.636363636363637
B-25935,150,32,3,Clothing,Hankerchief,COD,21.333333333333336
B-25970,203,84,2,Electronics,Printers,UPI,41.37931034482759
B-26053,93,31,3,Electronics,Accessories,UPI,33.33333333333333
B-25947,290,35,6,Clothing,Hankerchief,COD,12.068965517241379
B-25856,48,6,1,Clothing,Saree,COD,12.5
B-26030,221,35,4,Electronics,Accessories,DEBIT CARD,15.837104072398189
B-26069,55,18,2,Clothing,Kurti,COD,32.72727272727273
B-25653,227,102,8,Electronics,Accessories,DEBIT CARD,44.93392070484582
B-25627,55,-39,4,Clothing,Stole,COD,-70.9090909090909
B-25947,207,33,2,Electronics,Accessories,UPI,15.942028985507244
B-25801,64,6,4,Clothing,Saree,COD,9.375
B-25964,89,6,5,Clothing,Saree,COD,6.741573033707865
B-25950,54,27,2,Clothing,Stole,COD,50.0
B-25878,84,41,3,Clothing,T-Shirt,CREDIT CARD,48.80952380952381
B-25773,209,-21,2,Electronics,Electronic Games,UPI,-10.047846889952153
B-26081,79,33,4,Clothing,Stole,UPI,41.77215189873418
B-26027,54,8,4,Clothing,T-Shirt,COD,14.814814814814813
B-25967,229,59,9,Clothing,Saree,DEBIT CARD,25.76419213973799
B-25901,158,38,3,Clothing,Hankerchief,UPI,24.050632911392405
B-25951,248,105,2,Electronics,Phones,DEBIT CARD,42.33870967741936
B-25853,199,6,2,Clothing,Saree,UPI,3.015075376884422
B-25923,253,-11,1,Clothing,Trousers,DEBIT CARD,-4.3478260869565215
B-25793,257,-252,4,Clothing,Saree,DEBIT CARD,-98.0544747081712
B-26068,193,33,5,Electronics,Accessories,COD,17.098445595854923
B-26080,109,35,6,Clothing,T-Shirt,COD,32.11009174311927
B-25843,214,30,3,Electronics,Accessories,COD,14.018691588785046
B-26002,141,7,7,Clothing,Saree,COD,4.964539007092199
B-25993,201,32,4,Furniture,Furnishings,UPI,15.92039800995025
B-26070,54,12,4,Clothing,Shirt,COD,22.22222222222222
B-25887,83,6,6,Clothing,Shirt,EMI,7.228915662650602
B-25654,54,-3,3,Clothing,Saree,COD,-5.555555555555555
B-25898,53,5,3,Clothing,T-Shirt,COD,9.433962264150944
B-25664,258,-27,2,Electronics,Phones,DEBIT CARD,-10.465116279069768
B-26012,199,8,2,Clothing,Saree,COD,4.0201005025125625
B-25979,82,-27,3,Clothing,Kurti,EMI,-32.926829268292686
B-26054,139,36,3,Clothing,Stole,COD,25.899280575539567
B-25757,53,15,2,Clothing,Stole,COD,28.30188679245283
B-25623,53,1,4,Clothing,Stole,COD,1.8867924528301887
B-25824,101,38,2,Furniture,Furnishings,COD,37.62376237623762
B-25754,262,215,2,Electronics,Printers,DEBIT CARD,82.06106870229007
B-25693,82,-39,5,Clothing,T-Shirt,EMI,-47.5609756097561
B-25638,154,39,3,Clothing,Hankerchief,COD,25.324675324675322
B-25922,52,18,2,Clothing,Stole,COD,34.61538461538461
B-25919,1599,37,6,Electronics,Electronic Games,UPI,2.313946216385241
B-25989,338,41,7,Clothing,Hankerchief,UPI,12.1301775147929
B-25999,51,-49,2,Electronics,Electronic Games,COD,-96.07843137254902
B-25661,224,-81,3,Furniture,Chairs,COD,-36.160714285714285
B-26099,207,37,4,Clothing,Hankerchief,COD,17.874396135265698
B-25866,51,14,2,Clothing,Stole,COD,27.450980392156865
B-26098,82,8,3,Electronics,Accessories,EMI,9.75609756097561
B-26062,50,-17,2,Clothing,Stole,COD,-34.0
B-25761,263,-31,9,Electronics,Electronic Games,DEBIT CARD,-11.787072243346007
B-25843,50,7,6,Clothing,Skirt,COD,14.000000000000002
B-25683,245,-3,4,Electronics,Phones,UPI,-1.2244897959183674
B-25959,82,24,6,Clothing,Hankerchief,EMI,29.268292682926827
B-25787,229,-41,8,Electronics,Accessories,COD,-17.903930131004365
B-25951,50,14,1,Electronics,Electronic Games,COD,28.000000000000004
B-26056,220,40,2,Electronics,Accessories,COD,18.181818181818183
B-25643,263,-63,2,Electronics,Electronic Games,DEBIT CARD,-23.954372623574145
B-26093,81,-41,5,Clothing,Leggings,EMI,-50.617283950617285
B-25775,50,-17,2,Clothing,Stole,COD,-34.0
B-26093,49,5,4,Clothing,Hankerchief,COD,10.204081632653061
B-25851,237,47,9,Clothing,T-Shirt,UPI,19.831223628691983
B-25685,264,-30,3,Furniture,Furnishings,DEBIT CARD,-11.363636363636363
B-25651,49,3,1,Clothing,Shirt,COD,6.122448979591836
B-25793,63,-24,6,Clothing,Kurti,COD,-38.095238095238095
B-25708,81,-51,7,Clothing,Stole,EMI,-62.96296296296296
B-25847,264,71,10,Furniture,Furnishings,DEBIT CARD,26.89393939393939
B-25954,48,11,2,Clothing,Shirt,COD,22.916666666666664
B-25997,48,15,1,Clothing,Hankerchief,COD,31.25
B-25650,245,-78,2,Electronics,Printers,UPI,-31.83673469387755
B-25883,146,42,5,Clothing,Hankerchief,UPI,28.767123287671232
B-25945,245,10,2,Furniture,Bookcases,COD,4.081632653061225
B-25981,245,91,2,Furniture,Bookcases,UPI,37.142857142857146
B-25862,80,3,3,Clothing,Stole,EMI,3.75
B-25877,269,33,5,Furniture,Chairs,DEBIT CARD,12.267657992565056
B-26090,80,22,3,Clothing,Stole,EMI,27.500000000000004
B-26050,284,44,6,Clothing,Hankerchief,COD,15.492957746478872
B-26072,313,44,3,Electronics,Electronic Games,COD,14.057507987220447
B-25916,80,-26,9,Clothing,Skirt,EMI,-32.5
B-25722,48,-8,8,Clothing,Stole,COD,-16.666666666666664
B-25746,87,16,2,Clothing,Saree,UPI,18.39080459770115
B-25753,47,-114,5,Furniture,Furnishings,COD,-242.55319148936172
B-25956,140,28,2,Electronics,Phones,COD,20.0
B-25996,47,1,2,Clothing,Stole,COD,2.127659574468085
B-25896,79,-2,2,Furniture,Furnishings,EMI,-2.5316455696202533
B-25796,78,-64,7,Clothing,Stole,EMI,-82.05128205128204
B-25798,47,-3,2,Clothing,Stole,COD,-6.382978723404255
B-26043,185,48,4,Clothing,Stole,UPI,25.945945945945947
B-26028,77,36,2,Clothing,Shirt,EMI,46.75324675324675
B-25812,259,47,5,Clothing,Hankerchief,UPI,18.146718146718147
B-25605,75,0,7,Clothing,Saree,EMI,0.0
B-25702,75,0,3,Clothing,Shirt,EMI,0.0
B-25940,46,0,4,Clothing,Leggings,COD,0.0
B-26087,46,13,3,Clothing,Hankerchief,COD,28.26086956521739
B-25955,200,13,5,Electronics,Phones,COD,6.5
B-25626,46,-14,1,Electronics,Phones,COD,-30.434782608695656
B-25811,126,52,4,Clothing,Hankerchief,UPI,41.269841269841265
B-25856,74,29,3,Clothing,Stole,EMI,39.189189189189186
B-25628,45,13,4,Clothing,Skirt,COD,28.888888888888886
B-26016,74,9,3,Clothing,Shirt,UPI,12.162162162162163
B-25999,129,11,2,Electronics,Phones,UPI,8.527131782945736
B-26043,122,50,7,Clothing,Stole,UPI,40.98360655737705
B-25743,74,-51,3,Clothing,Stole,UPI,-68.91891891891892
B-26014,278,39,5,Furniture,Chairs,DEBIT CARD,14.028776978417264
B-25876,282,14,4,Clothing,Trousers,DEBIT CARD,4.964539007092199
B-25785,45,0,2,Clothing,T-Shirt,COD,0.0
B-25810,45,6,3,Clothing,Shirt,COD,13.333333333333334
B-25833,45,16,3,Clothing,Stole,COD,35.55555555555556
B-25931,73,-36,3,Furniture,Chairs,UPI,-49.31506849315068
B-25852,45,12,4,Clothing,Hankerchief,COD,26.666666666666668
B-25738,72,-6,3,Clothing,Saree,UPI,-8.333333333333332
B-25921,71,-44,5,Electronics,Accessories,UPI,-61.97183098591549
B-25685,45,-2,4,Clothing,Shirt,COD,-4.444444444444445
B-25996,286,140,6,Clothing,Shirt,DEBIT CARD,48.95104895104895
B-25663,294,138,2,Electronics,Printers,DEBIT CARD,46.93877551020408
B-25888,223,4,3,Electronics,Phones,COD,1.7937219730941705
B-25677,20,-2,1,Electronics,Accessories,UPI,-10.0
B-26045,302,75,6,Furniture,Furnishings,DEBIT CARD,24.834437086092713
B-26002,113,28,2,Clothing,Saree,UPI,24.778761061946902
B-25953,44,2,3,Clothing,Hankerchief,COD,4.545454545454546
B-25617,305,-270,5,Electronics,Electronic Games,DEBIT CARD,-88.52459016393442
B-25702,306,-147,3,Clothing,Saree,DEBIT CARD,-48.03921568627451
B-25799,70,-64,5,Clothing,Stole,UPI,-91.42857142857143
B-25985,44,11,4,Clothing,Stole,COD,25.0
B-25952,44,14,3,Clothing,Hankerchief,COD,31.818181818181817
B-25754,319,312,5,Clothing,Saree,DEBIT CARD,97.80564263322884
B-25770,287,-280,12,Furniture,Chairs,UPI,-97.5609756097561
B-25954,44,10,3,Clothing,Stole,COD,22.727272727272727
B-25657,288,-180,4,Furniture,Chairs,COD,-62.5
B-25801,49,-31,2,Clothing,Stole,COD,-63.26530612244898
B-26000,43,-10,4,Clothing,Skirt,COD,-23.25581395348837
B-25897,43,5,3,Clothing,Stole,COD,11.627906976744185
B-25681,68,-27,3,Electronics,Accessories,UPI,-39.705882352941174
B-25852,320,144,1,Electronics,Printers,DEBIT CARD,45.0
B-26067,67,2,4,Clothing,T-Shirt,UPI,2.9850746268656714
B-25601,66,-12,5,Clothing,Stole,UPI,-18.181818181818183
B-25804,321,26,3,Electronics,Printers,DEBIT CARD,8.09968847352025
B-25751,43,-5,2,Clothing,Saree,COD,-11.627906976744185
B-25630,114,-39,5,Clothing,Kurti,COD,-34.21052631578947
B-25899,43,17,1,Clothing,Saree,COD,39.53488372093023
B-25751,43,21,3,Clothing,Shirt,COD,48.837209302325576
B-26081,637,50,5,Clothing,Saree,COD,7.849293563579278
B-25851,300,42,2,Electronics,Printers,COD,14.000000000000002
B-26036,341,44,7,Furniture,Furnishings,UPI,12.903225806451612
B-25704,102,0,3,Electronics,Phones,COD,0.0
B-25761,328,-15,3,Electronics,Electronic Games,DEBIT CARD,-4.573170731707317
B-25978,341,160,7,Clothing,Stole,DEBIT CARD,46.9208211143695
B-26077,62,11,7,Clothing,Hankerchief,UPI,17.741935483870968
B-25981,42,13,3,Clothing,Leggings,COD,30.952380952380953
B-26043,62,28,5,Clothing,Hankerchief,UPI,45.16129032258064
B-25896,42,7,2,Clothing,Kurti,COD,16.666666666666664
B-25790,42,-3,1,Electronics,Electronic Games,COD,-7.142857142857142
B-25789,313,-13,5,Furniture,Bookcases,UPI,-4.15335463258786
B-26061,109,52,2,Clothing,Stole,UPI,47.706422018348626
B-25923,226,58,3,Electronics,Accessories,COD,25.663716814159294
B-25868,62,-1,1,Electronics,Phones,UPI,-1.6129032258064515
B-25777,61,-25,4,Electronics,Accessories,UPI,-40.98360655737705
B-25999,222,74,5,Clothing,Hankerchief,COD,33.33333333333333
B-25854,342,-154,7,Furniture,Furnishings,DEBIT CARD,-45.02923976608187
B-25667,344,-34,3,Clothing,Saree,DEBIT CARD,-9.883720930232558
B-25829,345,38,7,Clothing,Hankerchief,DEBIT CARD,11.014492753623188
B-25705,46,0,2,Electronics,Electronic Games,COD,0.0
B-25843,255,74,5,Clothing,Hankerchief,COD,29.01960784313726
B-25958,360,32,3,Clothing,Saree,UPI,8.88888888888889
B-25893,372,59,3,Electronics,Printers,UPI,15.86021505376344
B-25855,61,30,2,Clothing,Hankerchief,UPI,49.18032786885246
B-25616,42,12,5,Clothing,Hankerchief,COD,28.57142857142857
B-25630,42,-26,2,Clothing,Kurti,COD,-61.904761904761905
B-25936,61,25,4,Clothing,Saree,UPI,40.98360655737705
B-25830,41,11,6,Clothing,Hankerchief,COD,26.82926829268293
B-25930,40,13,3,Clothing,T-Shirt,COD,32.5
B-25808,59,21,2,Clothing,Stole,UPI,35.59322033898305
B-25979,57,27,2,Clothing,Shirt,UPI,47.368421052631575
B-25687,17,6,1,Clothing,Stole,UPI,35.294117647058826
B-26087,40,10,2,Clothing,Stole,COD,25.0
B-25764,349,-24,2,Clothing,Saree,DEBIT CARD,-6.876790830945559
B-25782,335,-22,7,Furniture,Chairs,UPI,-6.567164179104477
B-25854,40,16,3,Clothing,Hankerchief,COD,40.0
B-26085,40,17,2,Clothing,Stole,COD,42.5
B-25630,40,-7,3,Clothing,Stole,COD,-17.5
B-25999,352,74,8,Clothing,Stole,DEBIT CARD,21.022727272727273
B-25648,55,-26,4,Clothing,Saree,UPI,-47.27272727272727
B-25952,352,18,5,Clothing,Trousers,DEBIT CARD,5.113636363636364
B-25710,53,-18,4,Clothing,T-Shirt,UPI,-33.9622641509434
B-25685,51,7,2,Furniture,Furnishings,UPI,13.725490196078432
B-25740,40,-37,3,Clothing,Stole,COD,-92.5
B-25973,39,14,5,Clothing,Leggings,COD,35.8974358974359
B-25769,355,-4,2,Clothing,Saree,DEBIT CARD,-1.1267605633802817
B-25687,357,139,2,Clothing,Saree,DEBIT CARD,38.93557422969188
B-25603,38,18,1,Clothing,Kurti,COD,47.368421052631575
B-26050,38,9,2,Clothing,Stole,COD,23.684210526315788
B-25748,141,10,4,Clothing,Shirt,UPI,7.092198581560284
B-25833,36,4,9,Clothing,Hankerchief,COD,11.11111111111111
B-25930,351,-94,5,Electronics,Electronic Games,COD,-26.780626780626783
B-26035,369,15,3,Electronics,Electronic Games,DEBIT CARD,4.0650406504065035
B-25851,53,24,6,Clothing,Hankerchief,EMI,45.28301886792453
B-25718,371,115,1,Furniture,Bookcases,DEBIT CARD,30.997304582210244
B-25898,499,33,4,Clothing,Saree,COD,6.613226452905812
B-25893,223,62,7,Clothing,Shirt,COD,27.802690582959645
B-25983,50,-4,6,Clothing,T-Shirt,EMI,-8.0
B-26056,391,90,6,Electronics,Phones,DEBIT CARD,23.017902813299234
B-25715,416,137,3,Electronics,Phones,DEBIT CARD,32.93269230769231
B-25702,424,-17,9,Furniture,Chairs,DEBIT CARD,-4.009433962264151
B-25618,362,127,1,Furniture,Bookcases,COD,35.0828729281768
B-25643,36,-7,1,Electronics,Electronic Games,COD,-19.444444444444446
B-25961,34,-10,3,Clothing,Skirt,COD,-29.411764705882355
B-25873,367,73,3,Electronics,Electronic Games,UPI,19.891008174386922
B-26053,425,208,7,Clothing,Saree,DEBIT CARD,48.94117647058824
B-25683,433,26,3,Electronics,Printers,DEBIT CARD,6.0046189376443415
B-25718,460,31,3,Furniture,Bookcases,DEBIT CARD,6.739130434782608
B-25753,62,-56,5,Clothing,Kurti,COD,-90.32258064516128
B-25852,50,16,1,Clothing,Stole,EMI,32.0
B-25914,460,-143,3,Furniture,Chairs,DEBIT CARD,-31.08695652173913
B-26083,34,3,3,Clothing,Saree,COD,8.823529411764707
B-25857,227,59,2,Furniture,Furnishings,UPI,25.991189427312776
B-25939,469,33,4,Electronics,Electronic Games,DEBIT CARD,7.036247334754798
B-25851,103,46,2,Clothing,Saree,UPI,44.66019417475729
B-25699,34,-13,5,Clothing,Leggings,COD,-38.23529411764706
B-26078,137,63,3,Clothing,Stole,COD,45.98540145985402
B-26075,34,12,2,Clothing,Stole,COD,35.294117647058826
B-25956,474,56,4,Electronics,Phones,DEBIT CARD,11.814345991561181
B-25861,50,3,2,Clothing,Stole,EMI,6.0
B-25777,69,-67,4,Clothing,Kurti,UPI,-97.10144927536231
B-25634,389,-83,3,Furniture,Chairs,UPI,-21.336760925449873
B-25753,77,-43,8,Clothing,Stole,COD,-55.84415584415584
B-25687,51,21,3,Clothing,T-Shirt,COD,41.17647058823529
B-25885,394,146,2,Furniture,Bookcases,UPI,37.055837563451774
B-25767,48,-22,2,Clothing,Saree,EMI,-45.83333333333333
B-25961,34,-12,5,Clothing,Leggings,COD,-35.294117647058826
B-25923,484,28,3,Electronics,Printers,DEBIT CARD,5.785123966942149
B-25799,47,-27,4,Clothing,Saree,EMI,-57.446808510638306
B-25955,45,8,4,Clothing,Skirt,EMI,17.77777777777778
B-26015,128,55,1,Clothing,Saree,COD,42.96875
B-26051,669,74,5,Furniture,Bookcases,COD,11.061285500747383
B-25822,34,13,2,Clothing,Saree,COD,38.23529411764706
B-25989,44,14,3,Clothing,Hankerchief,CREDIT CARD,31.818181818181817
B-25910,33,1,2,Clothing,Shirt,COD,3.0303030303030303
B-25956,33,10,3,Clothing,Hankerchief,COD,30.303030303030305
B-25986,487,-23,3,Electronics,Printers,DEBIT CARD,-4.722792607802875
B-26098,497,179,3,Furniture,Chairs,DEBIT CARD,36.016096579476866
B-26061,508,203,2,Electronics,Accessories,DEBIT CARD,39.960629921259844
B-25954,524,-25,2,Electronics,Electronic Games,DEBIT CARD,-4.770992366412214
B-26034,425,183,5,Electronics,Accessories,UPI,43.05882352941177
B-25909,168,56,3,Clothing,Saree,COD,33.33333333333333
B-25692,141,28,7,Furniture,Furnishings,UPI,19.858156028368796
B-25959,429,17,3,Furniture,Chairs,UPI,3.9627039627039626
B-25745,44,-8,3,Clothing,Stole,CREDIT CARD,-18.181818181818183
B-25689,149,136,3,Clothing,Stole,UPI,91.2751677852349
B-25786,44,-34,3,Clothing,Stole,CREDIT CARD,-77.27272727272727
B-25897,33,10,3,Clothing,Hankerchief,COD,30.303030303030305
B-26056,33,9,2,Clothing,Hankerchief,COD,27.27272727272727
B-25855,442,31,2,Electronics,Electronic Games,UPI,7.013574660633484
B-25667,41,6,5,Clothing,Skirt,CREDIT CARD,14.634146341463413
B-25701,33,-12,5,Clothing,Hankerchief,COD,-36.36363636363637
B-26046,32,3,8,Clothing,Hankerchief,COD,9.375
B-25676,32,6,3,Clothing,Shirt,COD,18.75
B-26045,179,77,1,Clothing,Saree,UPI,43.01675977653631
B-25889,31,10,1,Clothing,Kurti,COD,32.25806451612903
B-25900,140,68,5,Clothing,T-Shirt,COD,48.57142857142857
B-25685,529,137,3,Electronics,Phones,DEBIT CARD,25.89792060491493
B-25622,534,0,3,Clothing,Saree,DEBIT CARD,0.0
B-25709,41,-6,1,Furniture,Chairs,CREDIT CARD,-14.634146341463413
B-25798,379,63,2,Clothing,Saree,COD,16.62269129287599
B-25933,81,-44,3,Clothing,Stole,COD,-54.32098765432099
B-25793,40,-33,5,Clothing,Hankerchief,CREDIT CARD,-82.5
B-25951,40,18,1,Electronics,Accessories,CREDIT CARD,45.0
B-25656,534,0,3,Clothing,Saree,DEBIT CARD,0.0
B-26056,31,9,2,Clothing,Hankerchief,COD,29.03225806451613
B-25870,473,-113,9,Clothing,Hankerchief,UPI,-23.890063424947147
B-25690,31,-10,3,Clothing,Skirt,COD,-32.25806451612903
B-25702,31,-3,4,Clothing,Saree,COD,-9.67741935483871
B-25752,91,15,6,Clothing,T-Shirt,UPI,16.483516483516482
B-25781,30,-25,2,Clothing,T-Shirt,COD,-83.33333333333334
B-26038,30,6,1,Clothing,T-Shirt,COD,20.0
B-25761,40,0,3,Clothing,Saree,CREDIT CARD,0.0
B-25751,534,5,2,Electronics,Electronic Games,DEBIT CARD,0.9363295880149813
B-25750,539,-146,7,Furniture,Furnishings,DEBIT CARD,-27.087198515769945
B-25726,490,-128,8,Furniture,Bookcases,UPI,-26.122448979591837
B-26048,163,81,2,Electronics,Accessories,COD,49.693251533742334
B-26051,184,85,6,Clothing,T-Shirt,UPI,46.19565217391305
B-25614,494,54,4,Furniture,Bookcases,COD,10.931174089068826
B-25907,30,11,5,Clothing,Hankerchief,COD,36.666666666666664
B-25789,30,0,1,Clothing,Kurti,COD,0.0
B-26097,39,-18,2,Clothing,Leggings,CREDIT CARD,-46.15384615384615
B-25902,1700,85,3,Clothing,Trousers,COD,5.0
B-25657,332,-43,6,Electronics,Phones,UPI,-12.951807228915662
B-25854,436,131,9,Clothing,Hankerchief,UPI,30.045871559633024
B-25610,30,-5,2,Furniture,Furnishings,COD,-16.666666666666664
B-25733,30,-10,2,Clothing,Stole,COD,-33.33333333333333
B-25798,38,-13,3,Clothing,Stole,CREDIT CARD,-34.21052631578947
B-25803,511,194,3,Furniture,Chairs,UPI,37.96477495107632
B-25755,37,-53,3,Clothing,Saree,CREDIT CARD,-143.24324324324326
B-25850,513,215,2,Electronics,Accessories,COD,41.91033138401559
B-25667,516,69,4,Furniture,Bookcases,UPI,13.372093023255813
B-25796,559,-19,2,Clothing,Trousers,DEBIT CARD,-3.3989266547406083
B-26013,29,-10,3,Clothing,Skirt,COD,-34.48275862068966
B-25683,148,52,5,Clothing,Stole,UPI,35.13513513513514
B-26054,559,-174,2,Electronics,Electronic Games,DEBIT CARD,-31.12701252236136
B-26010,527,26,3,Electronics,Electronic Games,COD,4.933586337760911
B-25979,560,44,3,Clothing,Saree,DEBIT CARD,7.857142857142857
B-25973,571,108,12,Clothing,Stole,DEBIT CARD,18.914185639229423
B-25975,29,2,3,Clothing,Skirt,COD,6.896551724137931
B-26010,29,3,2,Clothing,Stole,COD,10.344827586206897
B-25767,29,-3,3,Clothing,Saree,COD,-10.344827586206897
B-25815,35,14,2,Clothing,Stole,CREDIT CARD,40.0
B-25853,579,139,3,Electronics,Printers,DEBIT CARD,24.006908462867013
B-25756,29,-24,4,Clothing,Leggings,COD,-82.75862068965517
B-25755,593,213,4,Furniture,Bookcases,DEBIT CARD,35.91905564924115
B-25996,217,72,2,Furniture,Furnishings,COD,33.17972350230415
B-25619,353,90,8,Clothing,Saree,COD,25.495750708215297
B-26050,382,92,2,Electronics,Printers,COD,24.083769633507853
B-26000,597,93,4,Furniture,Chairs,DEBIT CARD,15.577889447236181
B-26058,212,97,7,Clothing,Hankerchief,COD,45.75471698113208
B-25856,689,90,5,Clothing,Saree,COD,13.062409288824384
B-26044,28,-10,3,Clothing,Skirt,COD,-35.714285714285715
B-25654,34,12,3,Clothing,Hankerchief,CREDIT CARD,35.294117647058826
B-26051,600,-102,5,Electronics,Electronic Games,DEBIT CARD,-17.0
B-25636,637,113,5,Clothing,Saree,UPI,17.739403453689167
B-25710,616,-69,7,Furniture,Furnishings,DEBIT CARD,-11.2012987012987
B-25656,624,37,2,Electronics,Electronic Games,DEBIT CARD,5.929487179487179
B-25919,28,4,1,Clothing,T-Shirt,COD,14.285714285714285
B-25781,584,-444,7,Electronics,Printers,UPI,-76.02739726027397
B-25899,28,6,4,Clothing,Skirt,COD,21.428571428571427
B-26093,33,-1,1,Clothing,Saree,CREDIT CARD,-3.0303030303030303
B-25753,27,-20,2,Clothing,Hankerchief,COD,-74.07407407407408
B-25858,27,5,2,Clothing,Skirt,COD,18.51851851851852
B-25762,27,4,3,Clothing,Skirt,COD,14.814814814814813
B-25625,635,-349,5,Clothing,Saree,DEBIT CARD,-54.96062992125984
B-25857,598,166,4,Furniture,Bookcases,UPI,27.759197324414714
B-25919,636,-204,2,Electronics,Printers,DEBIT CARD,-32.075471698113205
B-25864,27,9,2,Clothing,Hankerchief,COD,33.33333333333333
B-25698,27,-6,4,Clothing,Hankerchief,COD,-22.22222222222222
B-25959,637,212,8,Electronics,Phones,DEBIT CARD,33.28100470957614
B-26073,290,110,9,Clothing,Stole,UPI,37.93103448275862
B-25649,27,-25,2,Clothing,Stole,COD,-92.5925925925926
B-25806,632,-114,4,Furniture,Tables,UPI,-18.037974683544302
B-25756,643,-45,2,Electronics,Printers,DEBIT CARD,-6.998444790046657
B-26003,652,13,6,Furniture,Furnishings,DEBIT CARD,1.9938650306748467
B-25752,33,-27,1,Furniture,Chairs,CREDIT CARD,-81.81818181818183
B-25783,26,2,2,Clothing,Hankerchief,COD,7.6923076923076925
B-25802,633,-633,11,Electronics,Accessories,UPI,-100.0
B-25881,26,9,2,Clothing,Leggings,COD,34.61538461538461
B-25898,191,93,4,Clothing,Shirt,UPI,48.69109947643979
B-25696,887,80,3,Electronics,Printers,UPI,9.019165727170236
B-25826,637,261,2,Electronics,Printers,COD,40.97331240188383
B-25745,670,15,5,Furniture,Bookcases,DEBIT CARD,2.2388059701492535
B-25943,26,7,4,Clothing,Hankerchief,COD,26.923076923076923
B-26051,676,195,5,Furniture,Bookcases,DEBIT CARD,28.846153846153843
B-25624,26,12,3,Clothing,Hankerchief,COD,46.15384615384615
B-25723,26,-24,1,Clothing,Stole,COD,-92.3076923076923
B-26052,25,7,2,Clothing,Stole,COD,28.000000000000004
B-25603,24,-30,1,Furniture,Chairs,COD,-125.0
B-25983,32,-12,1,Furniture,Chairs,CREDIT CARD,-37.5
B-25650,31,-2,2,Clothing,Saree,CREDIT CARD,-6.451612903225806
B-25656,651,169,5,Electronics,Printers,COD,25.960061443932414
B-26018,326,107,3,Furniture,Furnishings,UPI,32.82208588957055
B-25783,30,-6,2,Clothing,Hankerchief,UPI,-20.0
B-25951,30,5,2,Clothing,Kurti,UPI,16.666666666666664
B-25974,662,240,2,Furniture,Bookcases,COD,36.25377643504532
B-25754,30,-23,2,Clothing,Saree,UPI,-76.66666666666667
B-26073,29,9,3,Clothing,Saree,UPI,31.03448275862069
B-25796,28,1,1,Electronics,Accessories,UPI,3.571428571428571
B-25653,28,-3,2,Clothing,Saree,UPI,-10.714285714285714
B-25884,24,2,4,Clothing,Hankerchief,COD,8.333333333333332
B-25650,28,-26,2,Clothing,Stole,UPI,-92.85714285714286
B-26045,27,5,1,Clothing,Stole,UPI,18.51851851851852
B-25672,27,-15,1,Clothing,Stole,UPI,-55.55555555555556
B-25949,24,11,3,Clothing,Hankerchief,COD,45.83333333333333
B-25733,23,-6,4,Clothing,Hankerchief,COD,-26.08695652173913
B-25697,322,193,5,Electronics,Printers,COD,59.93788819875776
B-25893,688,-103,6,Electronics,Accessories,DEBIT CARD,-14.970930232558139
B-25802,23,-3,1,Clothing,Shirt,COD,-13.043478260869565
B-25961,26,3,3,Clothing,Skirt,UPI,11.538461538461538
B-25751,68,-56,2,Electronics,Phones,COD,-82.35294117647058
B-25814,462,169,4,Clothing,Saree,COD,36.58008658008658
B-25702,941,203,3,Furniture,Tables,UPI,21.572794899043572
B-25896,23,4,2,Clothing,Skirt,COD,17.391304347826086
B-25969,720,43,2,Electronics,Printers,UPI,5.972222222222222
B-25778,724,-447,4,Electronics,Electronic Games,UPI,-61.74033149171271
B-25859,724,253,2,Furniture,Bookcases,UPI,34.944751381215475
B-25810,26,10,4,Clothing,Hankerchief,UPI,38.46153846153847
B-25616,22,-2,3,Clothing,Hankerchief,COD,-9.090909090909092
B-25633,711,-8,4,Clothing,Saree,DEBIT CARD,-1.1251758087201125
B-25753,107,31,5,Clothing,T-Shirt,COD,28.971962616822427
B-25764,765,-153,2,Electronics,Phones,DEBIT CARD,-20.0
B-25864,22,8,2,Clothing,Leggings,COD,36.36363636363637
B-25725,26,-5,2,Clothing,Stole,UPI,-19.230769230769234
B-25858,22,8,3,Clothing,Hankerchief,COD,36.36363636363637
B-25817,743,89,5,Electronics,Printers,UPI,11.978465679676985
B-25703,22,-15,4,Clothing,Kurti,COD,-68.18181818181817
B-25610,781,594,6,Electronics,Printers,DEBIT CARD,76.05633802816901
B-25652,25,-2,5,Clothing,Hankerchief,UPI,-8.0
B-25891,25,2,2,Clothing,Hankerchief,UPI,8.0
B-25764,119,43,5,Clothing,T-Shirt,COD,36.134453781512605
B-25664,785,52,2,Electronics,Phones,DEBIT CARD,6.624203821656051
B-25645,183,-66,5,Electronics,Phones,UPI,-36.0655737704918
B-26008,22,4,1,Clothing,Stole,COD,18.181818181818183
B-26061,642,180,5,Clothing,Saree,COD,28.037383177570092
B-25781,767,-353,5,Clothing,Trousers,COD,-46.023468057366365
B-25999,770,323,3,Electronics,Accessories,COD,41.94805194805195
B-25783,21,-17,3,Clothing,Shirt,COD,-80.95238095238095
B-25800,21,-6,3,Clothing,Leggings,COD,-28.57142857142857
B-26093,492,187,2,Electronics,Accessories,UPI,38.00813008130081
B-25638,816,-96,3,Electronics,Printers,DEBIT CARD,-11.76470588235294
B-26026,25,2,3,Clothing,Kurti,CREDIT CARD,8.0
B-25902,802,120,7,Electronics,Accessories,COD,14.962593516209477
B-25968,811,154,7,Electronics,Accessories,UPI,18.988902589395806
B-26099,835,267,5,Electronics,Phones,DEBIT CARD,31.976047904191617
B-25699,21,-5,1,Electronics,Accessories,COD,-23.809523809523807
B-26076,450,-190,4,Furniture,Bookcases,COD,-42.22222222222222
B-25793,24,-1,4,Clothing,Skirt,CREDIT CARD,-4.166666666666666
B-25671,832,0,3,Clothing,Trousers,UPI,0.0
B-26040,833,93,3,Clothing,Trousers,UPI,11.164465786314526
B-26059,20,6,1,Clothing,T-Shirt,COD,30.0
B-25725,23,-5,7,Clothing,Hankerchief,CREDIT CARD,-21.73913043478261
B-25855,550,-242,5,Furniture,Furnishings,UPI,-44.0
B-25738,148,-91,2,Electronics,Phones,COD,-61.48648648648649
B-25899,846,9,2,Furniture,Chairs,DEBIT CARD,1.0638297872340425
B-25608,856,385,6,Electronics,Printers,COD,44.976635514018696
B-25904,871,131,2,Furniture,Bookcases,UPI,15.040183696900113
B-26056,19,-18,4,Clothing,Kurti,COD,-94.73684210526315
B-25669,610,-66,2,Furniture,Tables,COD,-10.819672131147541
B-25638,880,97,8,Furniture,Furnishings,DEBIT CARD,11.022727272727273
B-25953,22,-8,4,Clothing,Hankerchief,CREDIT CARD,-36.36363636363637
B-25841,22,11,2,Clothing,Skirt,CREDIT CARD,50.0
B-26071,21,4,3,Clothing,Hankerchief,CREDIT CARD,19.047619047619047
B-25793,18,1,3,Clothing,Hankerchief,COD,5.555555555555555
B-25813,911,202,7,Furniture,Chairs,COD,22.17343578485181
B-26010,18,2,3,Clothing,Hankerchief,COD,11.11111111111111
B-25825,911,355,5,Electronics,Phones,DEBIT CARD,38.96816684961581
B-25630,143,-129,2,Electronics,Phones,COD,-90.20979020979021
B-25986,918,22,9,Electronics,Electronic Games,COD,2.3965141612200433
B-25650,925,-447,5,Electronics,Electronic Games,COD,-48.32432432432432
B-26078,17,8,2,Clothing,Skirt,COD,47.05882352941176
B-25890,465,207,9,Clothing,Saree,COD,44.516129032258064
B-25691,17,-9,3,Clothing,Stole,COD,-52.94117647058824
B-25952,935,114,4,Electronics,Electronic Games,UPI,12.192513368983956
B-25651,16,-10,2,Clothing,T-Shirt,COD,-62.5
B-25955,954,95,3,Electronics,Printers,UPI,9.958071278825996
B-25898,915,-99,3,Furniture,Tables,DEBIT CARD,-10.819672131147541
B-25838,955,305,3,Electronics,Printers,DEBIT CARD,31.93717277486911
B-25797,976,293,4,Electronics,Accessories,COD,30.020491803278688
B-25738,1069,0,6,Clothing,Saree,EMI,0.0
B-25661,19,-15,3,Clothing,Hankerchief,CREDIT CARD,-78.94736842105263
B-25997,16,6,3,Clothing,Hankerchief,COD,37.5
B-25667,1030,206,8,Electronics,Printers,UPI,20.0
B-25753,620,82,6,Electronics,Accessories,COD,13.225806451612904
B-25848,16,8,2,Clothing,Hankerchief,COD,50.0
B-26097,19,8,2,Clothing,Hankerchief,CREDIT CARD,42.10526315789473
B-25633,249,-130,4,Electronics,Phones,UPI,-52.208835341365464
B-25807,16,6,1,Clothing,Stole,COD,37.5
B-25752,1361,197,9,Furniture,Bookcases,COD,14.474650991917706
B-26052,15,1,1,Clothing,Shirt,COD,6.666666666666667
B-25610,1076,-38,4,Electronics,Printers,COD,-3.5315985130111525
B-25888,18,2,3,Clothing,Hankerchief,CREDIT CARD,11.11111111111111
B-25937,1101,352,3,Furniture,Bookcases,UPI,31.970935513169845
B-25828,15,2,1,Clothing,Leggings,COD,13.333333333333334
B-26048,1104,209,4,Clothing,Trousers,UPI,18.931159420289855
B-25670,14,2,1,Clothing,Hankerchief,COD,14.285714285714285
B-25757,14,5,1,Clothing,Hankerchief,COD,35.714285714285715
B-25751,14,-3,2,Clothing,Leggings,COD,-21.428571428571427
B-25687,14,-1,4,Clothing,Kurti,COD,-7.142857142857142
B-25710,13,-8,1,Clothing,T-Shirt,COD,-61.53846153846154
B-25656,13,-1,3,Clothing,Hankerchief,COD,-7.6923076923076925
B-25601,1275,1148,7,Furniture,Bookcases,EMI,90.0392156862745
B-26053,17,1,2,Clothing,Skirt,CREDIT CARD,5.88235294117647
B-26001,13,0,2,Clothing,Hankerchief,COD,0.0
B-25964,1270,546,11,Electronics,Electronic Games,EMI,42.99212598425196
B-26062,13,-2,1,Clothing,Stole,COD,-15.384615384615385
B-25982,13,3,1,Clothing,Leggings,COD,23.076923076923077
B-25864,17,5,1,Clothing,Hankerchief,UPI,29.411764705882355
B-25693,13,-13,2,Clothing,Skirt,COD,-100.0
B-25802,13,-9,2,Clothing,Skirt,COD,-69.23076923076923
B-25676,1263,-56,5,Clothing,Trousers,EMI,-4.433887569279493
B-25639,1629,-153,3,Electronics,Phones,COD,-9.392265193370166
B-25757,17,7,3,Clothing,Hankerchief,UPI,41.17647058823529
B-26003,17,2,2,Clothing,Skirt,UPI,11.76470588235294
B-26055,1250,-12,2,Electronics,Printers,EMI,-0.96
B-25786,17,-11,3,Clothing,Skirt,UPI,-64.70588235294117
B-25919,977,-244,7,Electronics,Phones,COD,-24.97441146366428
B-25894,1246,62,3,Furniture,Bookcases,EMI,4.975922953451043
B-25979,12,1,2,Clothing,Hankerchief,COD,8.333333333333332
B-25651,11,-4,2,Clothing,Skirt,COD,-36.36363636363637
B-25653,1327,318,8,Furniture,Chairs,EMI,23.9638281838734
B-25855,1319,567,5,Electronics,Printers,COD,42.98711144806672
B-25793,1402,109,11,Clothing,Saree,EMI,7.774607703281027
B-26073,1514,742,4,Electronics,Printers,EMI,49.00924702774108
B-25881,1351,111,6,Electronics,Electronic Games,COD,8.216136195410808
B-25603,1355,-60,5,Clothing,Trousers,COD,-4.428044280442804
B-25851,10,2,2,Clothing,Hankerchief,COD,20.0
B-25883,10,-2,2,Clothing,Leggings,COD,-20.0
B-25768,1582,-443,6,Clothing,Trousers,EMI,-28.00252844500632
B-25953,1218,352,9,Furniture,Bookcases,EMI,28.899835796387517
B-25755,321,315,5,Clothing,Saree,UPI,98.13084112149532
B-26057,736,346,5,Electronics,Printers,COD,47.01086956521739
B-26055,1218,-420,8,Furniture,Bookcases,COD,-34.48275862068966
B-25855,1027,441,8,Clothing,Saree,COD,42.94060370009737
B-25989,10,5,1,Clothing,Stole,COD,50.0
B-26099,2366,552,5,Clothing,Trousers,UPI,23.330515638207945
B-25652,9,-6,2,Clothing,Hankerchief,COD,-66.66666666666666
B-25723,16,-12,2,Clothing,Stole,UPI,-75.0
B-26099,9,3,1,Clothing,Skirt,COD,33.33333333333333
B-25629,1560,421,3,Clothing,Trousers,COD,26.987179487179485
B-25877,1137,568,2,Clothing,Trousers,EMI,49.95602462620932
B-25767,9,-9,2,Clothing,Kurti,COD,-100.0
B-25735,15,-7,1,Clothing,Hankerchief,UPI,-46.666666666666664
B-26097,14,5,1,Clothing,Hankerchief,UPI,35.714285714285715
B-26070,14,7,2,Clothing,Hankerchief,UPI,50.0
B-25752,8,-2,2,Clothing,Hankerchief,COD,-25.0
B-25656,1389,680,7,Clothing,Saree,COD,48.95608351331893
B-25748,8,-1,2,Clothing,Leggings,COD,-12.5
B-25758,8,-2,1,Clothing,Stole,COD,-25.0
B-25950,13,4,1,Clothing,Leggings,UPI,30.76923076923077
B-25707,8,-6,1,Clothing,Stole,COD,-75.0
B-25909,12,2,2,Clothing,Skirt,CREDIT CARD,16.666666666666664
B-25955,1716,309,7,Electronics,Accessories,COD,18.006993006993007
B-26023,1117,447,10,Furniture,Bookcases,EMI,40.017905102954344
B-25655,9,-6,2,Clothing,Skirt,CREDIT CARD,-66.66666666666666
B-25686,332,503,3,Electronics,Printers,COD,151.50602409638554
B-25655,7,-4,3,Clothing,Hankerchief,COD,-57.14285714285714
B-25601,8,-2,3,Clothing,Hankerchief,CREDIT CARD,-25.0
B-25862,2061,701,5,Furniture,Bookcases,UPI,34.012615235322656
B-25626,1103,276,3,Furniture,Chairs,EMI,25.022665457842248
B-25823,2103,322,8,Electronics,Electronic Games,UPI,15.311459819305753
B-25881,2115,23,5,Furniture,Chairs,COD,1.0874704491725768
B-25910,850,-289,5,Electronics,Electronic Games,COD,-34.0
B-25830,1063,64,7,Electronics,Phones,EMI,6.020696142991533
B-25978,1063,-175,4,Electronics,Electronic Games,EMI,-16.462841015992474
B-25997,2292,127,7,Furniture,Bookcases,COD,5.541012216404886
B-25661,7,-1,2,Clothing,Hankerchief,CREDIT CARD,-14.285714285714285
B-25969,2452,191,7,Furniture,Bookcases,UPI,7.789559543230016
B-25858,2457,665,11,Electronics,Electronic Games,EMI,27.065527065527068
B-25697,4,-3,1,Clothing,Skirt,CREDIT CARD,-75.0
B-25798,2830,-1981,13,Furniture,Bookcases,EMI,-70.0
B-25873,7,1,1,Clothing,Hankerchief,COD,14.285714285714285
B-25740,7,0,2,Clothing,Skirt,COD,0.0
B-25700,7,-3,2,Clothing,Hankerchief,COD,-42.857142857142854
B-25757,3151,-35,7,Clothing,Trousers,EMI,-1.1107584893684546
B-25973,4141,1698,13,Electronics,Printers,COD,41.00458826370442
B-25698,7,-2,1,Clothing,Hankerchief,COD,-28.57142857142857
B-25993,4363,305,5,Furniture,Tables,EMI,6.990602796241118
